"","ID","Dist_Nam_1","Tehsil","tuid","POP_ALIGNED","AREA_ALIGNED","TOT_POP","Area","No_Villages","Per_Pop_Aligned","Per_Area_Aligned"
"1",0,"Sundargarh","Tangarpali",30011,1037,6193736.85430846,63608,331720689.782507,88,0.0163029807571375,0.0186715421892116
"2",1,"Malkangiri","Kalimela",2205,1544,14184982.2378607,111894,1130718596.96952,152,0.0137987738395267,0.012545103862162
"3",2,"Malkangiri","Podia",2203,0,0,56979,754779373.192268,89,0,0
"4",3,"Malkangiri","Korkunda",2204,80388,531068390.826973,174847,970108132.778822,198,0.4597619633165,0.547432160274501
"5",4,"Malkangiri","Malkangiri",2201,19181,164497058.457744,78832,692295417.224096,152,0.243314897503552,0.237611075221802
"6",5,"Malkangiri","Khairaput",2206,37690,410339692.550865,37690,410339692.550865,115,1,1
"7",6,"Koraput","Nandapur",2106,93664,696412769.208878,93664,696412769.208878,247,1,1
"8",7,"Koraput","Pottangi",2104,72595,508529241.264515,72595,508529241.264515,100,1,1
"9",8,"Malkangiri","Mathili",2202,93316,676478408.283513,99983,709568736.633778,171,0.933318664172909,0.953365577368521
"10",9,"Koraput","Lamptaput",2105,60568,624111290.788998,60568,624111290.788998,197,1,1
"11",10,"Gajapati","Paralakhemundi",1101,0,0,84316,255171000.110071,172,0,0
"12",11,"Koraput","Boipariguda",21013,110271,1081625225.93772,110271,1081625225.93772,310,1,1
"13",12,"Koraput","Jeypore",21011,0,0,207148,464716260.961828,131,0,0
"14",13,"Gajapati","Kashinagar",1105,442,905616.308410459,60963,285813664.134529,112,0.00725029936190804,0.00316855497847785
"15",14,"Koraput","Kundra",21014,72587,383144238.954656,72587,383144238.954656,87,1,1
"16",15,"Gajapati","Gumma",1106,0,0,116869,436159264.579982,201,0,0
"17",16,"Gajapati","Rayagada",1102,0,0,66576,564118803.720639,238,0,0
"18",17,"Koraput","Bandhuguda",2108,60168,432112061.744064,60360,433960290.992798,172,0.996819085487078,0.995741017583648
"19",18,"Koraput","Borigumma",21010,62487,264908806.281593,149499,653551715.001069,149,0.417976039973512,0.405337175622222
"20",19,"Rayagada","Gunupur",2706,105739,547216472.376103,106241,549736253.562469,140,0.995274893873363,0.995416381637491
"21",20,"Rayagada","Rayagada",2702,10442,73880146.0906595,203824,867267386.850902,321,0.0512304733495565,0.085187275816888
"22",21,"Nabarangpur","Nandihandi",2301,63143,207488414.01879,63143,207488414.01879,59,1,1
"23",22,"Nabarangpur","Nabarangpur",2308,109821,267439728.64113,109821,267439728.64113,59,1,1
"24",23,"Rayagada","Ramanaguda",27011,50686,362909746.184814,50686,362909746.184814,127,1,1
"25",24,"Gajapati","Nuagada",1107,69,481056.660611883,49857,508970528.116877,164,0.00138395812022384,0.000945156220325229
"26",25,"Rayagada","Kolnara",2704,63511,421571568.531973,64348,430718356.931392,179,0.986992602722695,0.978763876086953
"27",26,"Rayagada","Padamapur",27010,58919,459870666.392262,58919,459870666.392262,133,1,1
"28",27,"Nabarangpur","Kosagumuda",2304,158802,647288406.485807,158802,647288406.485807,125,1,1
"29",28,"Nabarangpur","Tentulikhunti",23010,84782,359580480.725034,84782,359580480.725034,88,1,1
"30",29,"Rayagada","Gudari",2707,51273,508723209.009194,51273,508723209.009194,188,1,1
"31",30,"Ganjam","Chhatrapur",1208,173700,239464121.681963,173700,239464121.681963,88,1,1
"32",31,"Ganjam","Hinjilicut",12012,141905,157250316.552157,141905,157250316.552157,62,1,1
"33",32,"Ganjam","Ganjam",12013,112387,238877198.490209,112387,238877198.490209,115,1,1
"34",33,"Rayagada","Kashipur",2701,941,6238663.28461915,139913,1397036895.11122,480,0.00672560805643507,0.00446563960225436
"35",34,"Nabarangpur","Dabugan",2305,67875,272502586.410144,67875,272502586.410144,76,1,1
"36",35,"Nabarangpur","Papadahandi",2309,134273,613740194.782324,134273,613740194.782324,99,1,1
"37",36,"Ganjam","Sheragada",12020,124829,176669599.353531,124829,176669599.353531,105,1,1
"38",37,"Rayagada","Bissam Cuttack",2705,89061,618259052.88531,89061,618259052.88531,287,1,1
"39",38,"Rayagada","Kalyanisinghpur",2703,68505,579376911.961056,68505,579376911.961056,276,1,1
"40",39,"Kalahandi","Kalampur",16013,69000,181886479.745003,69000,181886479.745003,45,1,1
"41",40,"Ganjam","Kabisuryanagar",12014,140191,171114009.981155,140191,171114009.981155,83,1,1
"42",41,"Rayagada","Chandrapur",2708,43231,864037152.112677,43231,864037152.112677,242,1,1
"43",42,"Ganjam","Aska",12016,140791,193742471.261206,140868,195320012.496861,103,0.999453388988273,0.991923299535522
"44",43,"Ganjam","Buguda",12018,173668,394916392.733101,173668,394916392.733101,138,1,1
"45",44,"Nabarangpur","Jharigaon",2306,155184,897575469.838278,155184,897575469.838278,128,1,1
"46",45,"Puri","Krushnaprasad",2601,0,0,93768,1080846118.53135,135,0,0
"47",46,"Nabarangpur","Chandahandi",2307,63605,241487755.283252,63605,241487755.283252,78,1,1
"48",47,"Puri","Brahmagiri",26011,6982,22103895.8124527,136640,342272278.77074,166,0.051097775175644,0.064579859905214
"49",48,"Khurda","Banpur",2006,139389,465198418.475548,139389,465198418.475548,250,1,1
"50",49,"Ganjam","Beaguntha",12021,122910,205727959.08995,122910,205727959.08995,99,1,1
"51",50,"Kalahandi","Junagarh",1609,265270,873557959.065857,265270,873557959.065857,237,1,1
"52",51,"Puri","Puri Sadar",2606,6466,17109850.6258907,339893,288239328.76689,151,0.0190236339083182,0.0593598753476423
"53",52,"Ganjam","Polasara",12015,127319,484296332.666483,127319,484296332.666483,119,1,1
"54",53,"Rayagada","Muniguda",2709,89966,717582149.850771,89966,717582149.850771,416,1,1
"55",54,"Nabarangpur","Umerkote",2302,120624,491325163.564714,194648,1066420481.06507,111,0.619703259216637,0.46072367540617
"56",55,"Kalahandi","Dharmagarh",1608,97805,240863406.858858,97805,240863406.858858,55,1,1
"57",56,"Puri","Gop",2603,172128,383644201.680305,174726,388475924.482736,220,0.985131005116583,0.987562362303754
"58",57,"Puri","Kakatpur",2608,108721,165579483.105885,108721,165579483.105885,105,1,1
"59",58,"Puri","Astarang",2609,64665,125429263.821261,64665,125429263.821261,78,1,1
"60",59,"Khurda","Tangi",20010,168705,322313008.991585,168705,322313008.991585,208,1,1
"61",60,"Nayagarh","Odagaon",2406,148857,479617722.247601,148857,479617722.247601,209,1,1
"62",61,"Puri","Kanas",2607,147359,210793993.67338,149886,213151670.351876,144,0.983140520128631,0.988938971603627
"63",62,"Nabarangpur","Raighar",2303,0,0,183539,806913153.545659,121,0,0
"64",63,"Kandhamal","Tumudibandha",1708,48385,723549748.388828,48385,723549748.388828,246,1,1
"65",64,"Puri","Nimapada",2602,232970,300766097.011105,232970,300766097.011105,264,1,1
"66",65,"Puri","Delang",2605,125126,209478931.168372,126436,213251112.765113,144,0.989639026859439,0.982311081298338
"67",66,"Kalahandi","Golamunda",16012,118061,553535619.735399,120305,562618145.696169,129,0.981347408669631,0.983856677872464
"68",67,"Jagatsinghpur","Naugaon",1308,93877,143318818.983757,93877,143318818.983757,113,1,1
"69",68,"Nayagarh","Ranapur",2408,186043,653662191.254121,186043,653662191.254121,277,1,1
"70",69,"Puri","Pipili",2604,145887,209068224.905064,146380,210679277.281756,194,0.996632053559229,0.992353057227657
"71",70,"Ganjam","Bhanjanagar",12017,141333,702630999.176103,141333,702630999.176103,128,1,1
"72",71,"Jagatsinghpur","Balikuda",1307,136971,281849490.704101,136971,281849490.704101,201,1,1
"73",72,"Khurda","Balipatna",2002,91284,121598974.525283,91284,121598974.525283,72,1,1
"74",73,"Nuapada","Sinapalli",2505,0,0,95617,620277673.294482,121,0,0
"75",74,"Nayagarh","Nayagarh",2405,178891,316802640.321161,178891,316802640.321161,169,1,1
"76",75,"Kandhamal","G. Udayagiri",1702,40824,226934304.348302,40824,226934304.348302,90,1,1
"77",76,"Cuttack","Niali",803,153812,211753244.408795,153812,211753244.408795,136,1,1
"78",77,"Kalahandi","Narla",1607,88813,577516356.406876,124068,727572428.840702,228,0.715841312828449,0.79375789064338
"79",78,"Jagatsinghpur","Erasama",1305,110197,321653058.299701,110197,321653058.299701,142,1,1
"80",79,"Ganjam","Jagannathprasad",12023,115041,819093318.964691,115041,819093318.964691,154,1,1
"81",80,"Khurda","Bologarh",2008,132711,246315583.902921,132711,246315583.902921,238,1,1
"82",81,"Jagatsinghpur","Jagatsinghpur",1301,161358,172522081.204245,161358,172522081.204245,180,1,1
"83",82,"Khurda","Begunia",2009,127063,311435763.4412,127063,311435763.4412,173,1,1
"84",83,"Khurda","Khurda",2005,142799,235293887.182469,190464,357605596.293764,140,0.749742733534946,0.657970371887528
"85",84,"Kalahandi","Kesinga",1604,19231,59844475.0834392,140391,435184839.291917,120,0.136981715352124,0.137515073321054
"86",85,"Kandhamal","Tikabali",1707,51919,347314322.166418,51919,347314322.166418,157,1,1
"87",86,"Khurda","Jatani",2004,4252,6705893.64096583,156228,237637020.693874,118,0.0272166321017999,0.0282190612446888
"88",87,"Nayagarh","Nuagaon",2407,81630,557778369.434088,81630,557778369.434088,217,1,1
"89",88,"Jagatsinghpur","Tirtol",1306,150827,219213229.825006,150827,219213229.825006,240,1,1
"90",89,"Nayagarh","Bhapur",2404,108527,217932040.861773,108527,217932040.861773,133,1,1
"91",90,"Khurda","Balianta",2003,108555,146084080.276678,108555,146084080.276678,101,1,1
"92",91,"Cuttack","Kantapada",804,88314,122265492.336928,88314,122265492.336928,91,1,1
"93",92,"Cuttack","Baranga",802,54499,66160120.8331226,54499,66160120.8331226,57,1,1
"94",93,"Kandhamal","Chakapad",1704,41824,449343085.489044,41824,449343085.489044,168,1,1
"95",94,"Nayagarh","Khandapada",2403,98969,333907914.810056,98969,333907914.810056,175,1,1
"96",95,"Nuapada","Khariar",2503,0,0,124618,457769144.843279,125,0,0
"97",96,"Jagatsinghpur","Biridi",1303,164022,211544233.364552,164022,211544233.364552,145,1,1
"98",97,"Bolangir","Bangomunda",6012,10695,26581874.2877878,118980,346396294.533803,134,0.0898890569843671,0.0767383332537173
"99",98,"Bolangir","Titilagarh",6010,138859,405492515.537139,141948,408614524.971738,121,0.978238509876856,0.992359524089812
"100",99,"Khurda","Bhubaneswar",2001,916098,220183047.553078,986606,443137548.87304,112,0.92853479504483,0.496872919284394
"101",100,"Nayagarh","Dashapalla",2401,103273,923748923.34823,103273,923748923.34823,430,1,1
"102",101,"Nuapada","Boden",2504,0,0,74184,622410166.652926,88,0,0
"103",102,"Kalahandi","M. Rampur",1605,170527,1338116988.8248,170527,1338116988.8248,404,1,1
"104",103,"Kendrapara","Marshaghai",1805,126697,149326190.744963,126697,149326190.744963,105,1,1
"105",104,"Bolangir","Gudvella",602,51837,240791169.978863,51837,240791169.978863,82,1,1
"106",105,"Cuttack","Tigiria",8013,57086,95254518.7126901,57086,95254518.7126901,45,1,1
"107",106,"Bolangir","Muribahal",6013,13285,35050927.6111047,110551,473445099.876342,154,0.12017078090655,0.0740337741804901
"108",107,"Nayagarh","Gania",2402,36866,408347363.021707,36866,408347363.021707,110,1,1
"109",108,"Bolangir","Saintala",6014,114693,591533924.078067,118818,612178683.585092,146,0.965283037923547,0.966276578945672
"110",109,"Cuttack","Salipur",805,215666,264759433.505411,217567,266371192.174814,200,0.991262461678471,0.993949200526366
"111",110,"Bolangir","Turekela",6011,6210,44101795.9316319,114982,602463757.951803,142,0.0540084534970691,0.07320240487422
"112",111,"Kendrapara","Kendrapara",1803,207374,254772364.381628,207374,254772364.381628,150,1,1
"113",112,"Kendrapara","Pattamundai",1807,211487,288252723.701834,211487,288252723.701834,166,1,1
"114",113,"Cuttack","Athagarh",8010,135347,338497726.876421,135368,340211037.228651,177,0.999844867324626,0.994963977752789
"115",114,"Kandhamal","Khajuripada",17011,51526,634417610.354661,51526,634417610.354661,258,1,1
"116",115,"Bolangir","Deogaon",605,16138,67089575.7541527,100690,452744845.456133,142,0.160274108650313,0.148184074158947
"117",116,"Cuttack","Tangi-Chowdwar",807,63250,208406785.852066,112081,325141108.589339,132,0.564324015667241,0.640973350789945
"118",117,"Kendrapara","Aul",1801,142992,228109963.504731,142992,228109963.504731,138,1,1
"119",118,"Bolangir","Belpara",609,111823,505546204.127912,130143,593548390.606755,130,0.859231768131978,0.851735447570025
"120",119,"Nuapada","Komna",2502,118979,1033634646.48835,127406,1067678426.58309,156,0.933857118189096,0.968114200636518
"121",120,"Kendrapara","Rajkanika",1802,130378,222621198.784659,130378,222621198.784659,153,1,1
"122",121,"Jajpur","Binjharpur",1405,174165,215493704.472898,174165,215493704.472898,120,1,1
"123",122,"Dhenkanal","Dhenkanal Sadar",1001,220251,508810702.148205,220251,508810702.148205,166,1,1
"124",123,"Boudh","Kantamal",702,144456,930952523.868542,144456,930952523.868542,406,1,1
"125",124,"Bolangir","Puintala",606,672,2443957.98522426,110033,338458514.042977,143,0.00610725873147147,0.00722084948028204
"126",125,"Boudh","Harbhanga",703,153058,1159920750.43228,153058,1159920750.43228,381,1,1
"127",126,"Bolangir","Bolangir",601,3074,13656709.81898,205695,515592074.275847,140,0.0149444565983617,0.0264874316350982
"128",127,"Jajpur","Dasarathpur",1402,195148,235175694.300256,195148,235175694.300256,160,1,1
"129",128,"Angul","Angul",101,265679,1211831315.39805,265679,1211831315.39805,287,1,1
"130",129,"Dhenkanal","Gondia",1002,155247,623490101.14515,155247,623490101.14515,202,1,1
"131",130,"Subarnapur","Tarabha",2902,90929,335168082.740632,94701,340517159.775443,181,0.960169375191392,0.984291314310449
"132",131,"Boudh","Boudh",701,144026,1016624718.54122,144026,1016624718.54122,438,1,1
"133",132,"Bolangir","Khaprakhol",608,98070,716239014.075082,100428,725111361.813113,148,0.976520492292986,0.98776415843789
"134",133,"Bolangir","Loisingha",603,952,16533065.861582,105927,337289617.618658,120,0.00898732145722998,0.0490174170741134
"135",134,"Jajpur","Rasulpur",14010,163549,164651595.455578,163549,164651595.455578,168,1,1
"136",135,"Bolangir","Patnagarh",607,156281,623262571.371866,157414,633414615.112158,172,0.992802419098682,0.983972514214099
"137",136,"Angul","Banarpal",102,202842,380152558.889304,202842,380152558.889304,179,1,1
"138",137,"Angul","Athamallik",106,143765,1118975184.30231,143765,1118975184.30231,382,1,1
"139",138,"Subarnapur","Subarnapur",2901,101609,379510900.760736,101609,379510900.760736,174,1,1
"140",139,"Bhadrak","Dhamnagar",503,1303,5521026.52818265,173055,237155733.508626,126,0.00752939816821242,0.0232801731018737
"141",140,"Dhenkanal","Bhuban",1006,121532,261971241.080684,121532,261971241.080684,129,1,1
"142",141,"Dhenkanal","Kamakhyanagar",1005,132554,479331331.915728,132554,479331331.915728,161,1,1
"143",142,"Subarnapur","Biramaharajapur",2905,91942,359911930.248671,91942,359911930.248671,181,1,1
"144",143,"Bolangir","Agalpur",604,7142,35666928.6771352,99830,332511453.698493,119,0.071541620755284,0.107265263438042
"145",144,"Jajpur","Korei",1408,191570,313880406.009013,191570,313880406.009013,214,1,1
"146",145,"Nuapada","Nuapada",2501,135427,728408524.045249,135427,728408524.045249,153,1,1
"147",146,"Bargarh","Gaisilet",308,100581,405676735.582815,102268,413421436.974726,133,0.983504126412954,0.981266812266477
"148",147,"Angul","Kishorenagar",107,80995,826384797.346478,80995,826384797.346478,207,1,1
"149",148,"Bargarh","Padmapur",307,129455,512660188.07595,129455,512660188.07595,159,1,1
"150",149,"Jajpur","Sukinda",1403,122672,499238721.99522,122672,499238721.99522,102,1,1
"151",150,"Subarnapur","Binika",2904,113409,338760572.00188,113409,338760572.00188,106,1,1
"152",151,"Jajpur","Danagadi",1409,127261,342700881.960741,127261,342700881.960741,105,1,1
"153",152,"Bargarh","Paikamala",309,127758,625792996.645905,127758,625792996.645905,136,1,1
"154",153,"Subarnapur","Ulunda",2906,95896,598476314.963666,95896,598476314.963666,245,1,1
"155",154,"Angul","Chhendipada",103,160794,746488404.551114,160984,748537269.495098,196,0.998819758485315,0.997262841774912
"156",155,"Dhenkanal","Kankadahad",1008,106302,889468699.865043,106302,889468699.865043,134,1,1
"157",156,"Bargarh","Jharbandh",3012,79240,523859117.322604,79240,523859117.322604,105,1,1
"158",157,"Bhadrak","Basudevpur",505,250798,413653921.774705,250798,413653921.774705,171,1,1
"159",158,"Bargarh","Bijepur",3011,105432,328667048.880943,107027,339780618.290039,113,0.985097218458894,0.967291926581847
"160",159,"Balasore","Simulia",207,138868,223350841.545318,138868,223350841.545318,175,1,1
"161",160,"Bargarh","Barapali",304,131039,285714070.578209,131039,285714070.578209,76,1,1
"162",161,"Sambalpur","Rairakhol",2805,75689,1182662145.35408,75689,1182662145.35408,248,1,1
"163",162,"Bargarh","Bheden",303,137238,384174318.412913,137238,384174318.412913,106,1,1
"164",163,"Keonjhar","Ghasipura",1903,138954,361889894.639712,138954,361889894.639712,165,1,1
"165",164,"Balasore","Khaira",208,184857,337533915.834553,184857,337533915.834553,352,1,1
"166",165,"Angul","Kaniha",105,144551,709503028.450342,144551,709503028.450342,256,1,1
"167",166,"Sambalpur","Naktideul",2806,58932,1110640734.10647,60525,1113756410.78943,198,0.97368029739777,0.997202551067015
"168",167,"Bargarh","Baragarh",301,241218,397826161.005087,241218,397826161.005087,65,1,1
"169",168,"Balasore","Bahanaga",2010,139341,248604751.663452,177416,331906819.350149,245,0.785391396491861,0.74901971628725
"170",169,"Balasore","Oupada",2012,12916,17839453.3400118,52675,190004198.041147,108,0.245201708590413,0.0938897851938435
"171",170,"Keonjhar","Telkoi",1907,98689,944048022.237392,98689,944048022.237392,163,1,1
"172",171,"Deogarh","Tileibani",901,0,0,117273,1015846044.08659,442,0,0
"173",172,"Sambalpur","Jujomura",2803,88744,774784041.752395,90760,783570151.295232,147,0.977787571617453,0.988787079844333
"174",173,"Bargarh","Bhatli",305,88916,462448766.281347,88916,462448766.281347,83,1,1
"175",174,"Keonjhar","Harichandanpur",19010,134550,1111675817.22074,134550,1111675817.22074,212,1,1
"176",175,"Balasore","Nilagiri",2011,2448,4018286.35113294,142297,391752066.304799,160,0.0172034547460593,0.0102572180130035
"177",176,"Mayurbhanj","Kaptipada",4020,54456,281178647.892365,141477,655797367.071255,146,0.384910621514451,0.428758427543083
"178",177,"Bargarh","Attabira",302,134052,566985494.255006,134052,566985494.255006,76,1,1
"179",178,"Keonjhar","Ghatagaon",1909,118509,662616713.630201,118509,662616713.630201,156,1,1
"180",179,"Angul","Pallahara",108,118600,1107142991.29469,118600,1107142991.29469,264,1,1
"181",180,"Deogarh","Barkote",903,635,11749598.7462259,106377,917483862.271747,261,0.00596933547665379,0.0128063274237141
"182",181,"Balasore","Baliapal",209,195216,266635028.999989,195237,267721639.492864,229,0.999892438420996,0.995941267598189
"183",182,"Mayurbhanj","Udala",4018,0,0,89141,291239539.957572,93,0,0
"184",183,"Sambalpur","Jamankira",2809,80605,954239899.071644,82937,965021497.471937,235,0.971882272086041,0.988827608059989
"185",184,"Mayurbhanj","Gopabandhu Nagar",4019,0,1811544.75815979,74916,184540920.587973,121,0,0.00981649355811141
"186",185,"Bargarh","Ambabhona",306,61794,667806735.499461,61794,667806735.499461,105,1,1
"187",186,"Deogarh","Reamal",902,0,871224.572174965,87688,987526037.534816,199,0,0.000882229469462723
"188",187,"Balasore","Bhogarai",205,289876,346542253.001927,289876,346542253.001927,356,1,1
"189",188,"Mayurbhanj","Khunta",4021,0,0,78987,206484302.322633,141,0,0
"190",189,"Keonjhar","Banspal",19012,66597,966287594.994077,104466,1186903796.21956,174,0.637499282063064,0.81412461403513
"191",190,"Keonjhar","Patna",19011,92088,456793912.31713,92934,461430328.402261,134,0.990896765446446,0.98995207770329
"192",191,"Sundargarh","Baneigarh",30015,0,0,69964,438464546.399179,126,0,0
"193",192,"Mayurbhanj","Betnoti",4010,10194,31215740.582458,150916,332876116.405378,235,0.067547509873042,0.0937758494648
"194",193,"Keonjhar","Keonjhar",1908,8025,33675698.0107889,217832,495449833.983028,215,0.0368403173087517,0.0679699450902279
"195",194,"Mayurbhanj","Rasagobindapur",4011,94817,245651725.853339,95447,249348367.070336,202,0.993399478244471,0.985174792759104
"196",195,"Jharsuguda","Lakhanpur",1503,178843,831856049.362443,178957,833669651.454468,153,0.999362975463379,0.997824555459275
"197",196,"Jharsuguda","Kolabira",1504,40840,197531470.387349,43138,217016886.355874,46,0.946729101951875,0.910212443392208
"198",197,"Sambalpur","Kuchinda",2807,84397,531029475.628172,84397,531029475.628172,133,1,1
"199",198,"Mayurbhanj","Karanjia",4022,121152,761052656.886955,121152,761052656.886955,169,1,1
"200",199,"Jharsuguda","Jharsuguda",1501,255660,404532002.18697,256055,410287925.997232,73,0.998457362675988,0.98597101341388
"201",200,"Mayurbhanj","Baripada",408,6649,16831379.8664694,182192,257381489.20499,102,0.0364944673750768,0.0653946789975412
"202",201,"Balasore","Jaleswar",204,225338,378275671.187997,225338,378275671.187997,253,1,1
"203",202,"Mayurbhanj","Sukruli",4026,485,3064706.07901244,53407,170612006.071274,79,0.00908120658340667,0.0179630153210446
"204",203,"Keonjhar","Jhumpura",1906,47262,176181528.237959,119257,515929970.394305,173,0.396303780910135,0.341483415090832
"205",204,"Jharsuguda","Kirimira",1505,43436,197848230.35216,43436,197848230.35216,47,1,1
"206",205,"Mayurbhanj","Shamakhunta",4016,57390,813964775.672934,77497,870688392.585819,129,0.740544795282398,0.934851989074503
"207",206,"Jharsuguda","Laikera",1502,50790,304807743.440189,50790,304807743.440189,51,1,1
"208",207,"Mayurbhanj","Jashipur",4023,2077,9631632.84056724,101417,781965269.569868,227,0.0204798012167585,0.0123172130724748
"209",208,"Mayurbhanj","Suliapada",4017,112137,386026389.621841,112976,387028127.324717,210,0.992573643959779,0.997411718600918
"210",209,"Sundargarh","Hemgiri",3006,999,14354668.3832966,82987,823661864.66531,156,0.0120380300528999,0.0174278657287716
"211",210,"Sundargarh","Gurundia",30017,9137,94451269.2392009,79616,1251780326.19997,190,0.11476336414791,0.0754535498460235
"212",211,"Mayurbhanj","Kuliana",4014,113623,340376063.999499,116963,347051180.046015,261,0.971443960910715,0.980766191183587
"213",212,"Keonjhar","Joda",1904,234130,756169806.542865,235104,758685622.149388,127,0.995857152579284,0.996683981437008
"214",213,"Sundargarh","Sundargarh Sadar",3008,0,0,124089,464833719.300074,103,0,0
"215",214,"Sambalpur","Bamara",2808,89055,599902182.24565,89055,599902182.24565,128,1,1
"216",216,"Mayurbhanj","Kusumi",406,0,0,100434,315854688.620314,130,0,0
"217",217,"Mayurbhanj","Bangriposi",4013,105128,785967265.242424,116678,836977732.743823,263,0.901009616208711,0.939053972996183
"218",218,"Mayurbhanj","Bisoi",404,0,0,70058,305389081.182808,147,0,0
"219",219,"Sundargarh","Rajagangapur",3007,0,0,167386,613058868.879361,99,0,0
"220",220,"Mayurbhanj","Saraskana",409,892,4127187.57280254,92858,345517345.537772,189,0.009606065174783,0.0119449504521369
"221",221,"Mayurbhanj","Bijatala",403,0,0,50411,212462107.667039,115,0,0
"222",222,"Sundargarh","Bisra",3004,0,0,56239,218327915.579011,62,0,0
"223",223,"Sundargarh","Kutra",30014,0,0,89303,383358043.758604,70,0,0
"224",224,"Sundargarh","Subdega",3009,0,0,68301,427655668.297647,79,0,0
"225",225,"Mayurbhanj","Jamada",405,0,0,70758,232673654.92957,94,0,0
"226",226,"Sundargarh","Panposh",3001,0,0,61438,254003142.903262,67,0,0
"227",227,"Mayurbhanj","Rairangpur",401,0,0,89183,285094583.269409,138,0,0
"228",228,"Sundargarh","Biramitrapur",3002,0,0,167745,661305547.592154,151,0,0
"229",229,"Mayurbhanj","Bahalda",402,0,0,80904,277559603.903096,102,0,0
"230",230,"Sundargarh","Balisankara",30012,0,0,85786,492987210.39277,112,0,0
"231",231,"Mayurbhanj","Tiringi",407,0,0,55839,162520899.623816,77,0,0
"232",232,"Koraput","Narayanpatna",2107,38106,492186914.570385,38106,492186914.570385,117,1,1
"233",233,"Koraput","Lakshmipur",2103,63703,483186787.811449,63900,495240949.797397,118,0.996917057902973,0.975660005516748
"234",234,"Keonjhar","Champua",1905,111137,361150453.56837,112362,371450036.426379,148,0.989097737669319,0.972271956257972
"235",235,"Keonjhar","Saharpada",19013,91893,399935610.640631,91893,399935610.640631,154,1,1
"236",236,"Mayurbhanj","Thakurmunda",4025,110070,967359549.32492,110070,967359549.32492,181,1,1
"237",237,"Keonjhar","Anandapur",1901,159964,666013505.613991,159964,666013505.613991,143,1,1
"238",238,"Kendrapara","Rajanagar",1808,157072,538204712.164794,157072,538204712.164794,293,1,1
"239",239,"Kendrapara","Garadapur",1806,97178,141425169.609205,97178,141425169.609205,119,1,1
"240",240,"Kendrapara","Derabish",1804,192801,229156973.187207,192801,229156973.187207,234,1,1
"241",241,"Kandhamal","Raikia",1709,51559,563539305.882976,51559,563539305.882976,157,1,1
"242",242,"Kalahandi","Koksara",16011,93304,426751489.080315,93304,426751489.080315,51,1,1
"243",243,"Kalahandi","Th. Rampur",1603,93092,1040414415.0297,94419,1047241499.38414,222,0.98594562535083,0.993480888258864
"244",244,"Kalahandi","Jaipatana",16010,59980,310716952.90643,59980,310716952.90643,50,1,1
"245",245,"Kalahandi","Lanjigarh",1602,87233,925097608.551301,90632,959721844.791629,501,0.962496689910848,0.963922634012936
"246",246,"Jajpur","Dhramasala",1406,219678,332995309.156113,219678,332995309.156113,323,1,1
"247",247,"Jajpur","Barchana",1404,217701,369057288.122523,217701,369057288.122523,246,1,1
"248",248,"Jajpur","Bari",1407,155032,189994948.979286,155032,189994948.979286,111,1,1
"249",249,"Jajpur","Jajpur",1401,243042,245265657.519047,243042,245265657.519047,221,1,1
"250",250,"Sundargarh","Lathikata",3005,30009,135453934.098419,119915,471305549.129073,79,0.25025226201893,0.287401526141003
"251",250,"Sundargarh","Rourkela",3003,515138,98523973.3299327,542517,158583242.984425,40,0.949533378677535,0.621276065968766
"252",251,"Sundargarh","Koira",30016,5614,12637809.4564309,86385,761515275.220694,116,0.0649881345140939,0.0165956086078094
"253",252,"Ganjam","Chikiti",1202,139092,352262766.44263,139092,352262766.44263,147,1,1
"254",253,"Ganjam","Khalikote",12010,169839,425885095.90806,169839,425885095.90806,213,1,1
"255",254,"Ganjam","Kodala",1209,136458,223263973.036379,136458,223263973.036379,173,1,1
"256",255,"Ganjam","Patrapur",1205,111990,492787377.112045,112485,513212831.835888,344,0.995599413255101,0.960200810547202
"257",256,"Ganjam","Berhampur",1201,11697,10905074.8785906,11697,10905074.8785906,5,1,1
"258",257,"Ganjam","Kanisi",1204,166524,229848366.56839,166524,229848366.56839,81,1,1
"259",257,"Ganjam","Kukudakhandi",1207,451950,230721662.522211,451950,230721662.522211,73,1,1
"260",258,"Ganjam","Purusottampur",12011,180430,244695594.081714,180430,244695594.081714,124,1,1
"261",259,"Ganjam","Surada",12019,151583,890527032.635211,158575,910363450.911692,285,0.955907299385149,0.978210440833697
"262",260,"Ganjam","Dharakote",12022,61817,105964847.481398,143064,513910396.817096,249,0.432093328859811,0.206193235508935
"263",261,"Ganjam","Sanakhemundi",1206,25087,27658196.2651711,167144,332716173.184621,171,0.150092136122146,0.0831284995870152
"264",262,"Ganjam","Digapahandi",1203,162280,499950965.077008,173952,529258087.388295,282,0.932901030169242,0.944626028378881
"265",263,"Gajapati","R. Udayagiri",1103,0,17369412.4689893,64208,651278543.830625,246,0,0.0266697139549963
"266",264,"Kalahandi","Bhawanipatna",1601,69689,360698739.831283,212497,650002250.754677,262,0.327952865216921,0.554919216683478
"267",265,"Kandhamal","Kotagarh",1705,53492,834946464.331545,53492,834946464.331545,152,1,1
"268",266,"Kandhamal","Baliguda",1701,75698,834116555.962654,75698,834116555.962654,282,1,1
"269",267,"Kandhamal","Phulbani",17010,75285,435775202.420365,75285,435775202.420365,220,1,1
"270",268,"Kandhamal","Daringbadi",1703,105359,1290667115.5497,105359,1290667115.5497,310,1,1
"271",269,"Koraput","Koraput",2101,33155,148787378.086175,33155,148787378.086175,28,1,1
"272",270,"Koraput","Koraput",2101,90496,427457916.325147,90496,427457916.325147,80,1,1
"273",271,"Koraput","Dasamanthpur",2102,82132,967287782.364145,82132,967287782.364145,210,1,1
"274",272,"Koraput","Semiliguda",2109,125307,519103431.770379,125307,519103431.770379,99,1,1
"275",273,"Koraput","Kotpad",21012,111880,498938014.774052,112802,503071695.177975,117,0.991826386056985,0.991783118701479
"276",274,"Malkangiri","Kudumulaguma",2207,52493,996183308.214197,52493,996183308.214197,252,1,1
"277",275,"Keonjhar","Hatadihi",1902,160411,439343171.772499,160411,439343171.772499,215,1,1
"278",276,"Bhadrak","Tihidi",507,97228,196859050.993272,192104,317967094.53146,154,0.506121684087786,0.619117683492858
"279",277,"Bhadrak","Chandabali",502,261528,610522667.186488,263380,615111984.950946,310,0.992968334725492,0.99253905325089
"280",278,"Balasore","Remuna",202,155038,245814469.957495,174714,274702758.876094,253,0.88738166374761,0.894838009502374
"281",279,"Mayurbhanj","Badasahi",4012,9923,13658973.5561144,161110,355120939.004111,266,0.0615914592514431,0.0384628785743222
"282",280,"Jagatsinghpur","Kujanga",1304,225772,268610334.435397,225772,268610334.435397,156,1,1
"283",281,"Kendrapara","Mahakalapada",1809,190343,466799961.888505,190343,466799961.888505,220,1,1
"284",282,"Jagatsinghpur","Raghunathpur",1302,94122,109015011.063287,94122,109015011.063287,111,1,1
"285",283,"Angul","Talcher",104,156573,296518584.637146,156573,296518584.637146,182,1,1
"286",284,"Kandhamal","Phiringia",17012,84535,1138743591.11409,84535,1138743591.11409,474,1,1
"287",285,"Kalahandi","Karlamunda",1606,34152,150539437.119483,34152,150539437.119483,42,1,1
"288",286,"Bargarh","Sohella",3010,134274,555771261.868981,134274,555771261.868981,127,1,1
"289",287,"Subarnapur","Dungripali",2903,119058,301291937.323978,120132,306642515.232999,116,0.991059834182399,0.982551089156846
"290",288,"Sundargarh","Lephripara",30010,0,0,67973,583769167.918579,113,0,0
"291",289,"Sambalpur","Rengali",2802,6684,73228641.3403986,83922,508703946.792115,84,0.0796453850003575,0.143951392164692
"292",290,"Sundargarh","Baragaon",30013,0,0,73973,423501465.254536,80,0,0
"293",291,"Sundargarh","Lahunipara",30018,0,0,100714,804396848.972456,228,0,0
"294",292,"Gajapati","Mohana",1104,1206,17950084.7742508,128359,1444681783.14718,482,0.00939552349270406,0.0124249402073495
"295",293,"Dhenkanal","Hindol",1004,174081,805760036.920027,174081,805760036.920027,190,1,1
"296",294,"Puri","Satyabadi",26010,112881,152566217.116077,126365,172023136.402896,113,0.893293237842757,0.886893590631618
"297",295,"Mayurbhanj","Muruda",4015,94169,302285983.688023,101851,330470515.899963,166,0.924576096454625,0.91471392800297
"298",296,"Balasore","Soro",206,172418,253499617.366769,172418,253499617.366769,172,1,1
"299",297,"Kandhamal","K. Nuagaon",1706,52140,616448736.809968,52140,616448736.809968,216,1,1
"300",298,"Dhenkanal","Odapada",1003,145396,355871185.892815,145396,355871185.892815,155,1,1
"301",299,"Dhenkanal","Parjang",1007,132840,545920703.936303,132840,545920703.936303,100,1,1
"302",300,"Cuttack","Baramba",8011,164136,372497627.949355,164136,372497627.949355,150,1,1
"303",301,"Cuttack","Narsinghpur",8012,184498,672951369.623408,184498,672951369.623408,293,1,1
"304",302,"Cuttack","Banki",8014,112273,235703912.78691,112273,235703912.78691,109,1,1
"305",303,"Cuttack","Banki-Dampara",8015,128031,305986766.123215,128031,305986766.123215,70,1,1
"306",304,"Cuttack","Cuttack Sadar",801,809640,327859613.665312,816659,336317852.390066,136,0.99140522543681,0.974850461655113
"307",305,"Cuttack","Baranga",802,32944,62457587.8525852,32944,62457587.8525852,19,1,1
"308",306,"Cuttack","Nischintakoili",806,223563,246223567.697095,223563,246223567.697095,238,1,1
"309",307,"Cuttack","Mahanga",808,163226,190461805.197481,163226,190461805.197481,177,1,1
"310",308,"Bhadrak","Bhandaripokhari",504,100240,218830869.601088,112460,235921869.71294,151,0.891339142806331,0.927556524824733
"311",309,"Bhadrak","Bhadrak",501,314111,329978502.385094,333235,359252800.415198,175,0.942611070265728,0.918513375549833
"312",310,"Bhadrak","Bonth",506,153289,264987257.577811,153289,264987257.577811,207,1,1
"313",311,"Balasore","Balasore",201,111036,162909835.606283,387242,482100741.316554,282,0.286735426425853,0.337916583910237
"314",312,"Balasore","Basta",203,176247,254442126.052052,180780,267586186.387745,304,0.974925323597743,0.950879152197167
"315",313,"Sambalpur","Maneswar",2804,42822,237409765.575997,99988,397370048.244567,119,0.428271392567108,0.597452592677241
"316",314,"Sambalpur","Dhankauda",2801,20213,36676101.2706832,393807,528881811.817938,111,0.0513271729552801,0.0693464975560713
"317",315,"Mayurbhanj","Raruan",4024,0,0,73399,283594012.944275,121,0,0
"318",316,"Khurda","Chilika",2007,138630,222921046.440318,138630,222921046.440318,153,1,1
