,Proposal.No.
366,SIA/OR/MIN/21544/2014
484,SIA/OR/MIN/75556/2018
485,SIA/OR/MIN/406063/2022
486,SIA/OR/MIN/37847/2016
487,SIA/OR/MIN/53181/2016
488,SIA/OR/MIN/37821/2016
489,SIA/OR/MIN/415379/2023
490,SIA/OR/MIN/71162/2017
519,SIA/OR/MIN/41110/2016
520,SIA/OR/MIN/410938/2022
521,SIA/OR/MIN/404896/2022
522,SIA/OR/MIN/75318/2018
523,SIA/OR/IND2/22470/2018
524,SIA/OR/MIN/57560/2016
558,SIA/OR/MIN/38989/2016
559,SIA/OR/MIN/64253/2017
560,SIA/OR/MIN/417345/2023
561,SIA/OR/IND1/416084/2023
588,SIA/OR/IND2/28843/2018
589,SIA/OR/MIN/405270/2022
602,SIA/OR/MIS/30609/2017
603,SIA/OR/IND2/22578/2018
604,SIA/OR/MIN/403548/2022
622,SIA/OR/IND2/22646/2018
623,SIA/OR/MIN/406640/2022
624,SIA/OR/NCP/61411/2016
625,SIA/OR/MIN/67421/2017
626,SIA/OR/MIN/425949/2023
627,SIA/OR/MIN/42359/2016
628,SIA/OR/MIN/428356/2023
631,SIA/OR/IND2/22717/2018
632,SIA/OR/MIN/39341/2016
633,SIA/OR/MIN/51114/2016
634,SIA/OR/IND2/20822/2017
635,SIA/OR/IND2/22668/2018
636,SIA/OR/MIN/69767/2017
637,SIA/OR/MIN/411802/2022
638,SIA/OR/INFRA2/421228/2023
639,SIA/OR/IND2/22712/2018
640,SIA/OR/MIN/41050/2016
642,SIA/OR/MIN/49903/2016
643,SIA/OR/IND2/22154/2018
644,SIA/OR/IND2/22635/2018
645,SIA/OR/IND2/23139/2018
646,SIA/OR/MIN/49888/2016
647,SIA/OR/MIN/52830/2016
648,SIA/OR/MIN/73217/2018
649,SIA/OR/MIN/404229/2022
650,SIA/OR/MIN/48700/2016
651,SIA/OR/MIN/72113/2018
652,SIA/OR/MIN/404638/2022
653,SIA/OR/MIN/50626/2016
677,SIA/OR/MIN/427423/2023
678,SIA/OR/MIN/425438/2023
685,SIA/OR/MIN/414239/2023
686,SIA/OR/MIN/414999/2023
687,SIA/OR/MIN/50539/2016
688,SIA/OR/MIN/405289/2022
689,SIA/OR/IND2/22132/2018
690,SIA/OR/IND2/21874/2018
691,SIA/OR/MIN/404049/2022
692,SIA/OR/IND2/20959/2017
693,SIA/OR/MIN/411163/2023
694,SIA/OR/IND2/20960/2017
695,SIA/OR/MIN/41171/2016
696,SIA/OR/IND2/21204/2017
697,SIA/OR/MIN/404045/2022
698,SIA/OR/IND2/27931/2018
699,SIA/OR/MIN/41293/2016
700,SIA/OR/MIN/419203/2023
707,SIA/OR/MIN/70823/2017
708,SIA/OR/IND2/21713/2018
709,SIA/OR/MIN/42364/2016
712,SIA/OR/IND2/22700/2018
713,SIA/OR/INFRA2/419536/2023
714,SIA/OR/IND2/22221/2018
715,SIA/OR/MIN/41246/2016
716,SIA/OR/IND2/23219/2018
717,SIA/OR/MIN/403266/2022
718,SIA/OR/INFRA2/401840/2022
719,SIA/OR/MIN/50689/2016
720,SIA/OR/MIN/52563/2016
721,SIA/OR/MIN/48701/2016
725,SIA/OR/MIN/38638/2016
726,SIA/OR/MIN/41768/2016
727,SIA/OR/MIN/405921/2022
735,SIA/OR/MIN/416477/2023
740,SIA/OR/IND2/22689/2018
741,SIA/OR/IND2/22119/2018
742,SIA/OR/MIN/67015/2017
743,SIA/OR/MIN/42372/2016
744,SIA/OR/MIN/429091/2023
745,SIA/OR/MIN/66101/2017
746,SIA/OR/MIN/403928/2022
748,SIA/OR/MIN/406199/2022
750,SIA/OR/MIN/53063/2016
751,SIA/OR/MIN/91435/2019
752,SIA/OR/MIN/50937/2016
753,SIA/OR/MIN/403597/2022
754,SIA/OR/MIN/415329/2023
755,SIA/OR/IND2/72543/2018
756,SIA/OR/MIN/423806/2023
757,SIA/OR/MIN/39814/2016
758,SIA/OR/IND2/26127/2018
759,SIA/OR/MIN/37820/2016
761,SIA/OR/MIN/19640/2017
762,SIA/OR/MIN/23191/2018
763,SIA/OR/IND/61592/2017
764,SIA/OR/IND2/22715/2018
765,SIA/OR/MIN/37829/2016
766,SIA/OR/MIN/61920/2017
767,SIA/OR/MIN/425349/2023
768,SIA/OR/MIN/423758/2023
769,SIA/OR/IND2/21782/2018
770,SIA/OR/MIN/413007/2023
771,SIA/OR/MIN/39153/2016
772,SIA/OR/MIN/417555/2023
773,SIA/OR/MIN/38645/2016
774,SIA/OR/MIN/63225/2017
775,SIA/OR/MIN/427240/2023
776,SIA/OR/MIN/59287/2016
777,SIA/OR/IND2/20961/2017
778,SIA/OR/IND2/23868/2018
784,SIA/OR/MIN/404283/2022
785,SIA/OR/IND/26143/2017
786,SIA/OR/MIN/418748/2023
787,SIA/OR/MIN/11314/2016
788,SIA/OR/MIN/420418/2023
789,SIA/OR/MIN/48844/2016
790,SIA/OR/IND2/72553/2018
791,SIA/OR/MIN/38944/2016
792,SIA/OR/MIN/22028/2018
793,SIA/OR/IND2/26033/2018
794,SIA/OR/IND2/21930/2018
795,SIA/OR/MIN/41037/2016
796,SIA/OR/MIN/48131/2016
797,SIA/OR/MIN/48841/2016
798,SIA/OR/MIN/414044/2023
799,SIA/OR/MIN/66095/2017
800,SIA/OR/MIN/41507/2016
801,SIA/OR/MIN/24562/2013
802,SIA/OR/MIN/53335/2016
803,SIA/OR/MIN/30153/2015
804,SIA/OR/IND2/22682/2018
805,SIA/OR/MIN/50687/2016
806,SIA/OR/IND2/29039/2018
807,SIA/OR/MIN/65547/2017
808,SIA/OR/MIS/30182/2015
809,SIA/OR/IND2/22684/2018
810,SIA/OR/MIN/20016/2017
811,SIA/OR/IND2/23159/2018
812,SIA/OR/MIN/58090/2016
813,SIA/OR/NCP/18067/2016
814,SIA/OR/MIN/420617/2023
815,SIA/OR/MIN/50685/2016
816,SIA/OR/MIN/60361/2016
828,SIA/OR/IND2/27898/2018
829,SIA/OR/MIN/50691/2016
830,SIA/OR/MIN/407314/2022
831,SIA/OR/MIN/49301/2016
832,SIA/OR/MIN/52241/2016
833,SIA/OR/NCP/27747/2017
834,SIA/OR/MIN/61783/2017
835,SIA/OR/MIN/428069/2023
836,SIA/OR/MIN/64313/2017
837,SIA/OR/IND2/21627/2018
838,SIA/OR/IND2/27912/2018
839,SIA/OR/IND2/21902/2018
840,SIA/OR/IND2/21628/2018
841,SIA/OR/MIN/402949/2022
842,SIA/OR/MIN/64786/2017
843,SIA/OR/MIN/17415/2013
844,SIA/OR/MIN/409591/2022
845,SIA/OR/MIN/418109/2023
846,SIA/OR/IND2/26177/2018
847,SIA/OR/IND2/20767/2017
848,SIA/OR/MIN/61819/2017
851,SIA/OR/MIN/42648/2016
852,SIA/OR/MIN/36394/2015
853,SIA/OR/NCP/76032/2018
854,SIA/OR/IND2/21880/2018
855,SIA/OR/MIN/58091/2016
856,SIA/OR/MIN/33081/2015
857,SIA/OR/MIN/418750/2023
858,SIA/OR/MIN/49650/2016
859,SIA/OR/MIN/402897/2022
860,SIA/OR/MIN/32816/2015
861,SIA/OR/IND2/20921/2017
862,SIA/OR/IND2/22688/2018
863,SIA/OR/MIN/419187/2023
864,SIA/OR/IND/52363/2016
865,SIA/OR/MIN/48702/2016
866,SIA/OR/MIN/411155/2022
867,SIA/OR/IND2/26174/2018
871,SIA/OR/IND2/21632/2018
872,SIA/OR/IND2/22673/2018
873,SIA/OR/MIN/414480/2023
874,SIA/OR/MIN/414569/2023
875,SIA/OR/MIN/65548/2017
876,SIA/OR/MIN/41123/2016
877,SIA/OR/IND2/29275/2018
878,SIA/OR/MIN/75049/2018
879,SIA/OR/IND2/22679/2018
880,SIA/OR/MIN/49607/2016
881,SIA/OR/IND2/26074/2018
882,SIA/OR/MIN/408219/2022
883,SIA/OR/MIN/48136/2016
884,SIA/OR/MIN/50819/2016
885,SIA/OR/MIN/73395/2018
886,SIA/OR/MIN/52045/2016
887,SIA/OR/IND2/21829/2018
888,SIA/OR/MIN/407326/2022
889,SIA/OR/MIN/35208/2015
890,SIA/OR/MIN/50978/2016
891,SIA/OR/MIN/39352/2016
892,SIA/OR/MIN/58235/2016
893,SIA/OR/IND2/21911/2018
894,SIA/OR/MIN/52610/2016
895,SIA/OR/MIN/51539/2016
896,SIA/OR/MIN/48843/2016
897,SIA/OR/MIN/63252/2017
898,SIA/OR/MIN/60004/2021
899,SIA/OR/IND/20976/2017
900,SIA/OR/IND2/22437/2018
901,SIA/OR/MIN/52738/2016
902,SIA/OR/MIN/401834/2022
903,SIA/OR/IND2/22267/2018
904,SIA/OR/IND2/22303/2018
910,SIA/OR/MIN/42360/2016
911,SIA/OR/MIN/414504/2023
912,SIA/OR/IND2/22683/2018
913,SIA/OR/IND2/22685/2018
914,SIA/OR/IND2/21151/2017
915,SIA/OR/IND2/22690/2018
916,SIA/OR/MIN/42964/2016
917,SIA/OR/MIN/417156/2023
918,SIA/OR/MIN/422247/2023
919,SIA/OR/MIN/50683/2016
920,SIA/OR/MIN/423509/2023
921,SIA/OR/MIN/50811/2016
922,SIA/OR/MIN/49465/2016
923,SIA/OR/MIN/41242/2016
924,SIA/OR/MIN/408631/2022
925,SIA/OR/IND2/22319/2018
926,SIA/OR/MIN/30665/2015
927,SIA/OR/IND/88597/2018
928,SIA/OR/MIN/406683/2022
929,SIA/OR/MIN/406061/2022
930,SIA/OR/MIN/80960/2018
931,SIA/OR/IND2/22629/2018
932,SIA/OR/MIN/74590/2018
933,SIA/OR/MIN/416320/2023
934,SIA/OR/MIN/41187/2016
937,SIA/OR/MIN/51259/2016
938,SIA/OR/MIN/72437/2018
939,SIA/OR/MIN/35667/2015
940,SIA/OR/INFRA2/403552/2022
941,SIA/OR/MIN/28491/2018
942,SIA/OR/MIN/35918/2015
943,SIA/OR/MIN/39018/2016
944,SIA/OR/MIN/75639/2018
945,SIA/OR/MIN/415181/2023
948,SIA/OR/MIN/57564/2016
949,SIA/OR/IND2/21709/2018
950,SIA/OR/NCP/30050/2015
951,SIA/OR/MIN/421885/2023
955,SIA/OR/MIN/420486/2023
956,SIA/OR/MIN/419334/2023
957,SIA/OR/IND2/22404/2018
958,SIA/OR/MIN/73018/2018
959,SIA/OR/IND2/23126/2018
960,SIA/OR/MIN/42362/2016
961,SIA/OR/MIN/35894/2015
962,SIA/OR/MIN/63221/2017
963,SIA/OR/MIN/63716/2017
964,SIA/OR/MIN/402397/2022
965,SIA/OR/MIN/64098/2017
966,SIA/OR/IND2/21653/2018
967,SIA/OR/IND2/22723/2018
968,SIA/OR/NCP/62518/2017
969,SIA/OR/IND2/21900/2018
970,SIA/OR/IND2/22686/2018
971,SIA/OR/MIN/33100/2015
972,SIA/OR/MIN/58088/2016
973,SIA/OR/MIN/424054/2023
974,SIA/OR/IND2/23165/2018
975,SIA/OR/NCP/64357/2017
976,SIA/OR/MIN/49867/2016
977,SIA/OR/IND2/22133/2018
978,SIA/OR/MIN/42253/2016
979,SIA/OR/MIN/25803/2018
980,SIA/OR/MIN/37844/2016
981,SIA/OR/IND2/20946/2017
982,SIA/OR/MIN/40995/2016
983,SIA/OR/MIN/38266/2016
984,SIA/OR/IND2/21749/2018
985,SIA/OR/MIN/41772/2016
986,SIA/OR/MIN/41177/2016
987,SIA/OR/MIN/39219/2016
988,SIA/OR/IND2/22174/2018
989,SIA/OR/MIN/404971/2022
990,SIA/OR/MIN/404148/2022
991,SIA/OR/MIN/414594/2023
992,SIA/OR/MIN/423320/2023
993,SIA/OR/MIN/419386/2023
994,SIA/OR/MIN/36743/2015
995,SIA/OR/MIN/38681/2016
996,SIA/OR/MIN/63373/2017
997,SIA/OR/IND2/22714/2018
998,SIA/OR/MIN/37822/2016
999,SIA/OR/MIN/37843/2016
1000,SIA/OR/MIN/83367/2018
1001,SIA/OR/NCP/23686/2018
1002,SIA/OR/IND2/28408/2018
1003,SIA/OR/IND2/26148/2018
1004,SIA/OR/MIN/74639/2018
1005,SIA/OR/IND2/28066/2018
1006,SIA/OR/IND2/24096/2018
1007,SIA/OR/MIN/410834/2022
1008,SIA/OR/MIN/57565/2016
1009,SIA/OR/MIN/50481/2016
1013,SIA/OR/MIN/75791/2018
1014,SIA/OR/MIN/417044/2023
1015,SIA/OR/MIN/422850/2023
1016,SIA/OR/MIN/53972/2016
1017,SIA/OR/IND2/22142/2018
1018,SIA/OR/IND2/22701/2018
1019,SIA/OR/MIN/53417/2016
1020,SIA/OR/MIN/419854/2023
1021,SIA/OR/MIN/64714/2017
1022,SIA/OR/MIN/407350/2022
1023,SIA/OR/MIN/18112/2013
1024,SIA/OR/MIN/417021/2023
1025,SIA/OR/MIN/69792/2017
1026,SIA/OR/MIN/61120/2016
1027,SIA/OR/MIN/410974/2022
1028,SIA/OR/MIN/71449/2017
1029,SIA/OR/MIN/22128/2018
1030,SIA/OR/MIN/406868/2022
1031,SIA/OR/IND2/24087/2018
1032,SIA/OR/MIN/409230/2022
1033,SIA/OR/MIN/425695/2023
1034,SIA/OR/MIN/422858/2023
1035,SIA/OR/IND2/22665/2018
1036,SIA/OR/IND2/21815/2018
1037,SIA/OR/MIN/42373/2016
1038,SIA/OR/IND2/26059/2018
1039,SIA/OR/MIN/37832/2016
1040,SIA/OR/IND2/21159/2017
1041,SIA/OR/IND2/22473/2018
1042,SIA/OR/MIN/407678/2022
1043,SIA/OR/MIN/64246/2017
1044,SIA/OR/MIN/404617/2022
1045,SIA/OR/NCP/76195/2018
1047,SIA/OR/MIN/428951/2023
1048,SIA/OR/MIN/402094/2022
1049,SIA/OR/MIN/405402/2022
1050,SIA/OR/IND2/23158/2018
1051,SIA/OR/MIN/75051/2018
1052,SIA/OR/MIN/38995/2016
1053,SIA/OR/MIN/50290/2016
1054,SIA/OR/IND2/23834/2018
1055,SIA/OR/IND2/21882/2018
1056,SIA/OR/MIN/42084/2016
1057,SIA/OR/IND2/23164/2018
1058,SIA/OR/MIN/37846/2016
1059,SIA/OR/MIN/42374/2016
1060,SIA/OR/MIN/412021/2022
1061,SIA/OR/MIN/422043/2023
1062,SIA/OR/IND2/28102/2018
1063,SIA/OR/MIN/48138/2016
1064,SIA/OR/MIN/50534/2016
1065,SIA/OR/IND2/21626/2018
1066,SIA/OR/IND2/29167/2018
1067,SIA/OR/MIN/404201/2022
1068,SIA/OR/MIN/63503/2017
1069,SIA/OR/MIN/51263/2016
1070,SIA/OR/MIN/41101/2016
1071,SIA/OR/MIN/424804/2023
1072,SIA/OR/IND2/25914/2018
1073,SIA/OR/MIN/405971/2022
1074,SIA/OR/IND2/23168/2018
1075,SIA/OR/MIN/42646/2016
1076,SIA/OR/MIS/30292/2017
1077,SIA/OR/MIN/70338/2017
1078,SIA/OR/MIN/405459/2022
1079,SIA/OR/MIN/41295/2016
1080,SIA/OR/MIN/23514/2018
1081,SIA/OR/IND2/23260/2018
1082,SIA/OR/MIN/50516/2016
1083,SIA/OR/IND2/27932/2018
1084,SIA/OR/IND2/21784/2018
1085,SIA/OR/MIN/64513/2017
1086,SIA/OR/MIN/61827/2017
1087,SIA/OR/MIN/412210/2022
1088,SIA/OR/MIN/49973/2016
1089,SIA/OR/MIN/426984/2023
1090,SIA/OR/MIN/403362/2022
1091,SIA/OR/NCP/75603/2018
1092,SIA/OR/IND2/21778/2018
1093,SIA/OR/MIN/61914/2017
1094,SIA/OR/MIN/414684/2023
1095,SIA/OR/MIN/406056/2022
1096,SIA/OR/MIN/421763/2023
1097,SIA/OR/IND2/23240/2018
1098,SIA/OR/IND2/28174/2018
1099,SIA/OR/IND2/28175/2018
1100,SIA/OR/MIN/59706/2016
1101,SIA/OR/MIN/408132/2022
1102,SIA/OR/IND2/29144/2018
1103,SIA/OR/MIN/419372/2023
1104,SIA/OR/MIN/64717/2017
1105,SIA/OR/MIN/402825/2022
1106,SIA/OR/MIN/421749/2023
1107,SIA/OR/MIN/401915/2022
1108,SIA/OR/MIN/50693/2016
1109,SIA/OR/MIN/70432/2017
1110,SIA/OR/IND2/21793/2018
1111,SIA/OR/MIN/423377/2023
1112,SIA/OR/MIN/410946/2022
1113,SIA/OR/MIN/64315/2017
1114,SIA/OR/MIN/418108/2023
1115,SIA/OR/MIN/422673/2023
1116,SIA/OR/MIN/22367/2018
1117,SIA/OR/MIN/403300/2022
1118,SIA/OR/MIN/403187/2022
1119,SIA/OR/MIN/80362/2018
1120,SIA/OR/MIN/39063/2016
1121,SIA/OR/MIN/417606/2023
1122,SIA/OR/MIN/423182/2023
1123,SIA/OR/IND2/22402/2018
1124,SIA/OR/INFRA2/418440/2023
1125,SIA/OR/MIN/42962/2016
1126,SIA/OR/MIN/406035/2022
1127,SIA/OR/MIN/70864/2017
1128,SIA/OR/MIN/402438/2022
1129,SIA/OR/IND2/22676/2018
1130,SIA/OR/MIN/402711/2022
1131,SIA/OR/MIN/35661/2015
1132,SIA/OR/MIN/405805/2022
1133,SIA/OR/IND/28741/2017
1134,SIA/OR/IND2/28184/2018
1135,SIA/OR/MIN/403052/2022
1136,SIA/OR/MIN/42975/2016
1137,SIA/OR/MIN/37745/2016
1138,SIA/OR/MIN/60465/2016
1139,SIA/OR/MIN/37824/2016
1140,SIA/OR/MIN/75894/2018
1141,SIA/OR/MIN/20910/2017
1142,SIA/OR/IND2/26123/2018
1143,SIA/OR/IND2/28270/2018
1144,SIA/OR/IND2/21206/2017
1145,SIA/OR/MIN/49297/2016
1146,SIA/OR/MIN/50695/2016
1147,SIA/OR/MIN/403071/2022
1148,SIA/OR/MIN/65190/2017
1149,SIA/OR/MIN/51925/2016
1150,SIA/OR/MIN/405261/2022
1151,SIA/OR/MIN/35638/2015
1152,SIA/OR/IND2/23226/2018
1153,SIA/OR/MIN/61188/2016
1154,SIA/OR/NCP/54923/2016
1155,SIA/OR/MIN/38263/2016
1156,SIA/OR/MIN/422822/2023
1157,SIA/OR/MIN/59309/2016
1158,SIA/OR/MIN/73310/2018
1159,SIA/OR/MIN/400290/2022
1160,SIA/OR/MIN/37825/2016
1161,SIA/OR/IND2/28784/2017
1162,SIA/OR/MIN/49883/2016
1163,SIA/OR/IND2/23873/2018
1164,SIA/OR/MIN/39132/2016
1165,SIA/OR/MIN/403663/2022
1166,SIA/OR/MIN/75609/2018
1167,SIA/OR/IND2/22324/2018
1168,SIA/OR/IND2/26067/2018
1169,SIA/OR/MIN/72347/2018
1170,SIA/OR/MIN/61780/2017
1171,SIA/OR/MIN/84160/2018
1172,SIA/OR/MIN/38622/2016
1173,SIA/OR/MIN/42201/2016
1174,SIA/OR/MIN/42363/2016
1175,SIA/OR/MIN/429004/2023
1176,SIA/OR/MIN/418635/2023
1177,SIA/OR/MIN/425326/2023
1178,SIA/OR/MIN/49889/2016
1179,SIA/OR/MIN/70950/2017
1180,SIA/OR/MIN/11068/2012
1181,SIA/OR/MIN/422188/2023
1182,SIA/OR/MIN/37845/2016
1183,SIA/OR/MIN/39051/2016
1184,SIA/OR/IND2/17336/2016
1185,SIA/OR/MIN/42894/2016
1186,SIA/OR/MIN/39072/2016
1187,SIA/OR/MIN/414047/2023
1188,SIA/OR/MIN/41359/2016
1189,SIA/OR/MIN/60132/2016
1190,SIA/OR/IND2/22527/2018
1191,SIA/OR/MIN/427394/2023
1192,SIA/OR/IND2/72551/2018
1193,SIA/OR/IND2/21821/2018
1194,SIA/OR/MIN/38594/2016
1195,SIA/OR/MIN/56307/2016
1196,SIA/OR/MIN/42961/2016
1197,SIA/OR/MIN/35620/2015
1198,SIA/OR/MIN/418856/2023
1199,SIA/OR/MIN/418920/2023
1200,SIA/OR/RIV/86550/2018
1201,SIA/OR/IND2/27910/2018
1202,SIA/OR/MIN/62664/2017
1203,SIA/OR/MIN/49971/2016
1204,SIA/OR/IND2/415084/2023
1205,SIA/OR/IND2/21754/2018
1206,SIA/OR/MIN/65601/2017
1207,SIA/OR/IND2/23286/2018
1208,SIA/OR/MIN/72156/2018
1209,SIA/OR/IND2/29046/2018
1210,SIA/OR/MIN/39898/2016
1211,SIA/OR/INFRA2/422590/2023
1212,SIA/OR/MIS/25955/2018
1213,SIA/OR/MIN/51593/2016
1214,SIA/OR/MIN/63729/2017
1215,SIA/OR/MIN/42375/2016
1216,SIA/OR/MIN/421619/2023
1217,SIA/OR/IND2/25756/2018
1218,SIA/OR/MIN/416336/2023
1219,SIA/OR/MIN/404298/2022
1220,SIA/OR/MIN/53339/2016
1221,SIA/OR/IND2/72549/2018
1222,SIA/OR/IND2/22687/2018
1223,SIA/OR/MIN/419961/2023
1224,SIA/OR/IND2/23167/2018
1225,SIA/OR/MIN/405458/2022
1226,SIA/OR/MIN/50830/2016
1227,SIA/OR/MIN/65665/2017
1228,SIA/OR/IND2/23085/2018
1229,SIA/OR/IND2/21205/2017
1230,SIA/OR/MIN/64314/2017
1231,SIA/OR/IND2/21750/2018
1232,SIA/OR/MIN/64561/2017
1233,SIA/OR/MIN/48698/2016
1234,SIA/OR/MIN/31770/2015
1235,SIA/OR/NCP/77618/2018
1236,SIA/OR/IND/18843/2016
1237,SIA/OR/IND2/22730/2018
1238,SIA/OR/MIN/71277/2017
1239,SIA/OR/MIN/404641/2022
1240,SIA/OR/MIN/70431/2017
1241,SIA/OR/MIN/419490/2023
1242,SIA/OR/MIN/429149/2023
1243,SIA/OR/MIN/50490/2016
1244,SIA/OR/INFRA2/405252/2022
1245,SIA/OR/MIN/35645/2015
1246,SIA/OR/IND2/72546/2018
1247,SIA/OR/MIN/423617/2023
1248,SIA/OR/IND2/22722/2018
1249,SIA/OR/MIN/409033/2022
1250,SIA/OR/IND2/21712/2018
1251,SIA/OR/IND2/21837/2018
1252,SIA/OR/IND2/29867/2018
1253,SIA/OR/IND2/21203/2017
1254,SIA/OR/MIN/48446/2016
1255,SIA/OR/MIN/418074/2023
1256,SIA/OR/MIN/48010/2016
1257,SIA/OR/MIN/424396/2023
1258,SIA/OR/IND2/22627/2018
1259,SIA/OR/MIN/64214/2017
1260,SIA/OR/MIN/50945/2016
1261,SIA/OR/MIN/404296/2022
1262,SIA/OR/MIN/20720/2017
1263,SIA/OR/MIN/69672/2017
1264,SIA/OR/MIN/423513/2023
1265,SIA/OR/MIN/411375/2022
1266,SIA/OR/MIN/49764/2016
1267,SIA/OR/IND2/27896/2018
1268,SIA/OR/MIN/416765/2023
1269,SIA/OR/IND2/23252/2018
1270,SIA/OR/IND2/22472/2018
1271,SIA/OR/MIN/403737/2022
1272,SIA/OR/MIN/72439/2018
1273,SIA/OR/MIN/41770/2016
1274,SIA/OR/IND2/29027/2018
1275,SIA/OR/IND2/21643/2018
1276,SIA/OR/MIN/42357/2016
1277,SIA/OR/MIN/58089/2016
1278,SIA/OR/MIN/426559/2023
1279,SIA/OR/IND2/23182/2018
1280,SIA/OR/NCP/30018/2018
1281,SIA/OR/NCP/67867/2017
1282,SIA/OR/IND2/21823/2018
1283,SIA/OR/IND2/23835/2018
1284,SIA/OR/MIN/57086/2016
1285,SIA/OR/MIN/404032/2022
1286,SIA/OR/IND2/29206/2018
1287,SIA/OR/MIN/411244/2022
1288,SIA/OR/MIN/50656/2016
1289,SIA/OR/MIN/403618/2022
1290,SIA/OR/MIN/57550/2016
1291,SIA/OR/MIN/405360/2022
1292,SIA/OR/MIN/35457/2015
1293,SIA/OR/MIN/417367/2023
1294,SIA/OR/MIN/57555/2016
1295,SIA/OR/MIN/411733/2023
1296,SIA/OR/MIN/39256/2016
1297,SIA/OR/MIN/414915/2023
1298,SIA/OR/IND2/28984/2018
1299,SIA/OR/MIN/407364/2022
1300,SIA/OR/MIN/50955/2016
1301,SIA/OR/MIN/68739/2017
1302,SIA/OR/MIN/406018/2022
1303,SIA/OR/MIN/422257/2023
1304,SIA/OR/IND2/28819/2018
1305,SIA/OR/MIN/425823/2023
1306,SIA/OR/IND2/21748/2018
1307,SIA/OR/MIN/406595/2022
1308,SIA/OR/IND2/21814/2018
1309,SIA/OR/MIN/85127/2018
1310,SIA/OR/IND2/21804/2018
1311,SIA/OR/MIN/42246/2016
1312,SIA/OR/IND2/22400/2018
1313,SIA/OR/MIN/38986/2016
1314,SIA/OR/MIN/53794/2016
1315,SIA/OR/IND2/22255/2018
1316,SIA/OR/MIN/75511/2018
1317,SIA/OR/IND2/22591/2018
1318,SIA/OR/MIN/419424/2023
1322,SIA/OR/MIN/50688/2016
1323,SIA/OR/MIN/60440/2016
1324,SIA/OR/MIN/41182/2016
1325,SIA/OR/IND2/25027/2018
1326,SIA/OR/MIN/403495/2022
1327,SIA/OR/MIN/49885/2016
1328,SIA/OR/IND2/29136/2018
1329,SIA/OR/MIN/41054/2016
1330,SIA/OR/IND2/72544/2018
1331,SIA/OR/MIN/21426/2017
1333,SIA/OR/MIN/61816/2017
1334,SIA/OR/MIN/406336/2022
1335,SIA/OR/IND2/29038/2018
1336,SIA/OR/NCP/38208/2016
1337,SIA/OR/MIN/419224/2023
1338,SIA/OR/IND2/23262/2018
1339,SIA/OR/INFRA2/428068/2023
1340,SIA/OR/MIN/406856/2022
1341,SIA/OR/IND2/22314/2018
1342,SIA/OR/MIN/423782/2023
1343,SIA/OR/IND2/28968/2018
1344,SIA/OR/IND2/26006/2018
1345,SIA/OR/IND/29913/2017
1346,SIA/OR/MIN/404480/2022
1347,SIA/OR/IND2/26147/2018
1348,SIA/OR/MIN/48575/2016
1355,SIA/OR/IND2/28061/2018
1356,SIA/OR/IND2/20314/2017
1357,SIA/OR/MIN/41963/2016
1358,SIA/OR/MIN/50495/2016
1359,SIA/OR/MIN/405647/2022
1360,SIA/OR/IND2/21929/2018
1361,SIA/OR/IND2/22151/2018
1362,SIA/OR/MIN/48053/2016
1363,SIA/OR/MIN/50513/2016
1364,SIA/OR/MIN/71840/2017
1365,SIA/OR/MIN/41207/2016
1366,SIA/OR/IND2/21812/2018
1367,SIA/OR/IND2/26026/2018
1368,SIA/OR/MIN/41485/2016
1369,SIA/OR/MIN/414527/2023
1370,SIA/OR/MIN/63251/2017
1371,SIA/OR/MIN/417331/2023
1372,SIA/OR/MIN/404468/2022
1373,SIA/OR/MIN/48695/2016
1374,SIA/OR/IND2/21651/2018
1375,SIA/OR/MIN/50812/2016
1376,SIA/OR/MIN/422488/2023
1377,SIA/OR/MIN/53083/2016
1378,SIA/OR/IND2/26180/2018
1379,SIA/OR/IND2/61634/2017
1380,SIA/OR/MIN/402663/2022
1381,SIA/OR/MIN/41241/2016
1382,SIA/OR/MIN/42783/2016
1383,SIA/OR/IND2/23818/2018
1384,SIA/OR/MIN/424915/2023
1385,SIA/OR/MIN/76961/2018
1386,SIA/OR/IND2/22718/2018
1387,SIA/OR/MIN/49890/2016
1388,SIA/OR/MIN/404022/2022
1389,SIA/OR/IND2/22397/2018
1390,SIA/OR/MIN/53081/2016
1391,SIA/OR/MIN/424901/2023
1392,SIA/OR/IND2/72542/2018
1393,SIA/OR/IND2/22131/2018
1394,SIA/OR/MIN/42297/2016
1395,SIA/OR/IND2/21816/2018
1396,SIA/OR/IND2/21889/2018
1397,SIA/OR/IND2/22648/2018
1398,SIA/OR/MIN/48997/2016
1399,SIA/OR/MIN/39116/2016
1400,SIA/OR/IND2/22641/2018
1401,SIA/OR/MIN/34278/2015
1402,SIA/OR/MIN/18637/2017
1403,SIA/OR/INFRA2/413593/2023
1404,SIA/OR/MIN/42015/2016
1405,SIA/OR/MIN/403976/2022
1406,SIA/OR/INFRA2/401996/2022
1407,SIA/OR/MIN/34931/2015
1408,SIA/OR/IND2/22550/2018
1409,SIA/OR/MIN/404581/2022
1410,SIA/OR/IND2/22731/2018
1411,SIA/OR/IND2/21901/2018
1412,SIA/OR/NCP/75805/2018
1413,SIA/OR/IND2/26095/2018
1414,SIA/OR/MIN/411645/2022
1415,SIA/OR/MIN/403437/2022
1416,SIA/OR/IND2/22713/2018
1417,SIA/OR/MIN/50538/2016
1418,SIA/OR/IND2/23166/2018
1419,SIA/OR/IND2/21928/2018
1420,SIA/OR/IND2/72547/2018
1421,SIA/OR/IND2/21645/2018
1422,SIA/OR/MIN/49710/2016
1423,SIA/OR/MIN/72108/2018
1424,SIA/OR/MIN/53954/2016
1425,SIA/OR/MIN/74669/2018
1426,SIA/OR/MIN/50958/2016
1427,SIA/OR/IND2/20883/2017
1428,SIA/OR/IND2/22046/2018
1429,SIA/OR/MIN/60363/2016
1430,SIA/OR/MIN/50814/2016
1431,SIA/OR/MIN/49868/2016
1432,SIA/OR/MIN/416435/2023
1433,SIA/OR/IND2/25750/2018
1434,SIA/OR/IND2/23221/2018
1435,SIA/OR/MIN/75778/2018
1436,SIA/OR/MIN/417472/2023
1437,SIA/OR/MIN/50051/2016
1438,SIA/OR/MIN/49908/2016
1439,SIA/OR/MIN/63806/2017
1440,SIA/OR/MIN/423260/2023
1441,SIA/OR/IND2/25506/2018
1442,SIA/OR/MIN/69671/2017
1443,SIA/OR/MIN/60762/2016
1444,SIA/OR/MIN/70433/2017
1445,SIA/OR/MIN/72104/2018
1446,SIA/OR/MIN/408324/2022
1447,SIA/OR/IND2/23265/2018
1448,SIA/OR/IND2/29635/2018
1449,SIA/OR/NCP/86475/2018
1450,SIA/OR/MIN/50419/2016
1451,SIA/OR/IND2/21905/2018
1452,SIA/OR/MIN/406935/2022
1453,SIA/OR/MIN/416778/2023
1454,SIA/OR/MIN/80901/2018
1455,SIA/OR/MIN/42356/2016
1456,SIA/OR/MIN/73560/2018
1457,SIA/OR/MIN/41120/2016
1458,SIA/OR/MIN/41294/2016
1459,SIA/OR/IND2/21779/2018
1460,SIA/OR/IND2/23313/2018
1462,SIA/OR/MIN/41506/2016
1463,SIA/OR/NCP/59528/2016
1464,SIA/OR/IND2/408307/2022
1465,SIA/OR/MIN/50553/2016
1466,SIA/OR/MIN/19524/2017
1467,SIA/OR/MIN/37952/2016
1468,SIA/OR/MIN/41125/2016
1469,SIA/OR/IND2/26192/2018
1476,SIA/OR/MIN/85180/2018
1477,SIA/OR/IND2/21813/2018
1478,SIA/OR/IND2/21692/2018
1487,SIA/OR/MIN/48694/2016
1488,SIA/OR/MIN/80950/2018
1489,SIA/OR/IND2/22570/2018
1490,SIA/OR/IND2/22636/2018
1491,SIA/OR/MIN/403303/2022
1492,SIA/OR/IND2/22461/2018
1493,SIA/OR/MIN/42237/2016
1494,SIA/OR/MIN/405306/2022
1495,SIA/OR/MIN/74627/2018
1496,SIA/OR/NCP/83620/2018
1497,SIA/OR/MIN/41211/2016
1498,SIA/OR/MIN/35201/2015
1499,SIA/OR/MIN/64755/2017
1500,SIA/OR/MIN/49142/2016
1501,SIA/OR/MIN/50059/2016
1502,SIA/OR/IND2/26029/2018
1503,SIA/OR/MIN/39227/2016
1504,SIA/OR/MIN/50018/2016
1505,SIA/OR/MIN/404415/2022
1506,SIA/OR/IND2/28071/2018
1507,SIA/OR/IND2/22020/2018
1508,SIA/OR/IND2/19538/2016
1509,SIA/OR/MIN/414395/2023
1510,SIA/OR/MIN/60767/2016
1511,SIA/OR/MIN/75066/2018
1512,SIA/OR/MIN/42235/2016
1513,SIA/OR/IND2/21781/2018
1514,SIA/OR/MIN/38264/2016
1515,SIA/OR/IND2/28835/2018
1516,SIA/OR/IND2/21908/2018
1517,SIA/OR/MIN/38665/2016
1518,SIA/OR/IND/19604/2015
1519,SIA/OR/IND2/21830/2018
1520,SIA/OR/IND2/23250/2018
1521,SIA/OR/MIN/63715/2017
1522,SIA/OR/IND2/22141/2018
1523,SIA/OR/IND2/26025/2018
1524,SIA/OR/IND2/29047/2018
1525,SIA/OR/MIN/402145/2022
1526,SIA/OR/MIN/419420/2023
1527,SIA/OR/IND2/23266/2018
1528,SIA/OR/MIN/401811/2022
1529,SIA/OR/MIN/75959/2018
1530,SIA/OR/MIN/38079/2016
1531,SIA/OR/MIN/83136/2022
1532,SIA/OR/MIN/50808/2016
1533,SIA/OR/MIN/404116/2022
1534,SIA/OR/IND2/16695/2015
1535,SIA/OR/IND2/22252/2018
1536,SIA/OR/MIN/82131/2018
1537,SIA/OR/MIN/425288/2023
1538,SIA/OR/IND2/21783/2018
1539,SIA/OR/IND2/22680/2018
1540,SIA/OR/MIN/403463/2022
1541,SIA/OR/MIN/405308/2022
1542,SIA/OR/MIN/62047/2017
1543,SIA/OR/IND2/27889/2018
1544,SIA/OR/MIN/67715/2017
1545,SIA/OR/IND2/20868/2017
1546,SIA/OR/MIN/92155/2019
1547,SIA/OR/MIN/49886/2016
1548,SIA/OR/IND2/26184/2018
1549,SIA/OR/MIN/42647/2016
1550,SIA/OR/IND2/25912/2018
1551,SIA/OR/IND2/23161/2018
1552,SIA/OR/MIN/79639/2018
1553,SIA/OR/MIN/417366/2023
1554,SIA/OR/MIN/422346/2023
1555,SIA/OR/IND2/22149/2018
1556,SIA/OR/MIN/422764/2023
1557,SIA/OR/IND2/26036/2018
1558,SIA/OR/MIN/408894/2022
1559,SIA/OR/MIN/411509/2022
1560,SIA/OR/MIN/425812/2023
1561,SIA/OR/IND2/21801/2018
1562,SIA/OR/IND2/22721/2018
1563,SIA/OR/IND2/22140/2018
1564,SIA/OR/MIN/41505/2016
1565,SIA/OR/IND2/26017/2018
1566,SIA/OR/IND2/22474/2018
1567,SIA/OR/MIN/403601/2022
1568,SIA/OR/MIN/417777/2023
1569,SIA/OR/IND2/28104/2018
1570,SIA/OR/IND2/29175/2018
1571,SIA/OR/MIN/50144/2016
1572,SIA/OR/NCP/83491/2018
1573,SIA/OR/IND2/21275/2017
1574,SIA/OR/MIN/60451/2016
1575,SIA/OR/MIN/36381/2015
1576,SIA/OR/MIN/75440/2018
1577,SIA/OR/MIN/50717/2016
1578,SIA/OR/IND2/22649/2018
1579,SIA/OR/MIN/42358/2016
1580,SIA/OR/MIN/418587/2023
1581,SIA/OR/IND2/20820/2017
1582,SIA/OR/IND2/23211/2018
1583,SIA/OR/IND2/23163/2018
1584,SIA/OR/MIN/50816/2016
1585,SIA/OR/IND2/22671/2018
1586,SIA/OR/MIN/21948/2018
1587,SIA/OR/MIN/60737/2016
1588,SIA/OR/IND1/403785/2022
1589,SIA/OR/MIN/405254/2022
1590,SIA/OR/MIN/63226/2017
1591,SIA/OR/MIN/416981/2023
1592,SIA/OR/MIN/404533/2022
1593,SIA/OR/MIN/37833/2016
1594,SIA/OR/IND2/21636/2018
1595,SIA/OR/MIN/53080/2016
1596,SIA/OR/MIN/49814/2016
1597,SIA/OR/IND2/21835/2018
1598,SIA/OR/MIN/26224/2018
1599,SIA/OR/MIN/48133/2016
1600,SIA/OR/IND2/23236/2018
1601,SIA/OR/MIN/414994/2023
1602,SIA/OR/MIN/422956/2023
1603,SIA/OR/MIN/42361/2016
1604,SIA/OR/IND2/27936/2018
1605,SIA/OR/MIN/35213/2015
1606,SIA/OR/MIN/427488/2023
1607,SIA/OR/MIN/62046/2017
1608,SIA/OR/MIN/41773/2016
1609,SIA/OR/IND2/23870/2018
1610,SIA/OR/IND2/28825/2018
1611,SIA/OR/MIN/75554/2018
1612,SIA/OR/MIN/49152/2016
1613,SIA/OR/MIN/416959/2023
1614,SIA/OR/MIN/423558/2023
1615,SIA/OR/MIN/49912/2016
1616,SIA/OR/MIN/74830/2018
1617,SIA/OR/MIN/49927/2016
1619,SIA/OR/MIN/50146/2016
1620,SIA/OR/MIN/38070/2016
1621,SIA/OR/MIN/59223/2016
1622,SIA/OR/MIN/17871/2015
1623,SIA/OR/MIN/404436/2022
1624,SIA/OR/MIN/37956/2016
1625,SIA/OR/MIN/50474/2016
1626,SIA/OR/IND2/21894/2018
1627,SIA/OR/IND2/420041/2023
1628,SIA/OR/IND2/23865/2018
1629,SIA/OR/INFRA2/427722/2023
1630,SIA/OR/MIN/74589/2018
1631,SIA/OR/MIN/58930/2016
1632,SIA/OR/MIN/50530/2016
1633,SIA/OR/IND2/21032/2016
1634,SIA/OR/MIN/410344/2022
1635,SIA/OR/MIN/62688/2017
1636,SIA/OR/MIN/62061/2017
1637,SIA/OR/IND2/22729/2018
1638,SIA/OR/MIN/418119/2023
1639,SIA/OR/MIN/49695/2016
1640,SIA/OR/INFRA2/401962/2022
1641,SIA/OR/IND2/25943/2018
1642,SIA/OR/MIN/39082/2016
1643,SIA/OR/IND2/22719/2018
1644,SIA/OR/MIN/48134/2016
1645,SIA/OR/MIN/412346/2022
1646,SIA/OR/INFRA2/404906/2022
1647,SIA/OR/IND2/21828/2018
1648,SIA/OR/IND2/28067/2018
1649,SIA/OR/MIN/59591/2016
1650,SIA/OR/IND2/26083/2018
1651,SIA/OR/IND2/28971/2018
1652,SIA/OR/MIN/416146/2023
1653,SIA/OR/MIN/48242/2016
1654,SIA/OR/IND2/22306/2018
1655,SIA/OR/MIN/402571/2022
1656,SIA/OR/MIN/62283/2017
1657,SIA/OR/NCP/84976/2018
1658,SIA/OR/MIN/35925/2015
1659,SIA/OR/MIN/50069/2016
1660,SIA/OR/IND2/22302/2018
1661,SIA/OR/MIN/63790/2017
1662,SIA/OR/IND2/29455/2018
1663,SIA/OR/MIN/65196/2017
1664,SIA/OR/MIN/73924/2018
1665,SIA/OR/MIN/41245/2016
1666,SIA/OR/MIN/407172/2022
1667,SIA/OR/MIN/406173/2022
1668,SIA/OR/IND2/25952/2018
1669,SIA/OR/MIN/48041/2016
1670,SIA/OR/MIN/429165/2023
1671,SIA/OR/CMIN/405212/2022
1672,SIA/OR/IND2/21822/2018
1673,SIA/OR/NCP/21080/2017
1674,SIA/OR/MIN/405715/2022
1675,SIA/OR/MIN/39080/2016
1676,SIA/OR/NCP/10375/2015
1677,SIA/OR/IND2/25640/2018
1678,SIA/OR/NCP/22323/2017
1679,SIA/OR/MIN/37940/2016
1680,SIA/OR/MIN/409882/2022
1681,SIA/OR/MIN/16765/2014
1682,SIA/OR/MIN/49632/2016
1683,SIA/OR/MIN/38608/2016
1684,SIA/OR/IND2/425934/2023
1685,SIA/OR/IND2/22261/2018
1686,SIA/OR/MIN/67068/2017
1687,SIA/OR/MIN/28350/2018
1688,SIA/OR/IND2/28185/2018
1689,SIA/OR/NCP/75210/2018
1690,SIA/OR/MIN/52526/2016
1691,SIA/OR/INFRA2/422946/2023
1692,SIA/OR/IND2/22310/2018
1819,SIA/OR/MIN/414227/2023
1820,SIA/OR/IND2/21629/2018
1821,SIA/OR/MIN/414615/2023
1822,SIA/OR/MIN/42369/2016
1823,SIA/OR/MIN/36661/2015
1831,SIA/OR/MIN/419481/2023
1832,SIA/OR/MIN/37826/2016
1918,SIA/OR/INFRA2/408006/2022
1919,SIA/OR/MIN/421786/2023
1921,SIA/OR/MIN/63807/2017
1922,SIA/OR/IND2/72548/2018
1923,SIA/OR/IND2/22488/2018
1924,SIA/OR/MIN/60207/2016
1925,SIA/OR/IND2/19523/2017
1926,SIA/OR/MIN/29806/2016
1927,SIA/OR/IND2/29028/2018
1928,SIA/OR/MIN/51738/2016
1929,SIA/OR/IND2/28062/2018
1930,SIA/OR/MIN/405118/2022
1931,SIA/OR/MIN/39078/2016
1932,SIA/OR/MIN/49972/2016
1933,SIA/OR/IND2/23269/2018
1934,SIA/OR/MIN/424762/2023
1935,SIA/OR/MIN/404213/2022
1936,SIA/OR/MIN/36742/2015
1942,SIA/OR/MIN/70859/2017
1947,SIA/OR/MIN/20615/2017
1948,SIA/OR/IND2/25625/2018
1949,SIA/OR/MIN/409777/2022
1950,SIA/OR/IND2/22144/2018
1951,SIA/OR/MIN/37939/2016
1954,SIA/OR/MIN/53566/2016
1955,SIA/OR/MIN/49112/2016
1956,SIA/OR/MIN/37816/2016
1957,SIA/OR/MIN/28483/2018
1958,SIA/OR/IND2/26173/2018
1959,SIA/OR/IND2/28189/2018
1960,SIA/OR/MIN/63826/2017
1961,SIA/OR/IND2/22724/2018
1966,SIA/OR/MIN/64662/2017
1967,SIA/OR/MIN/414416/2023
1968,SIA/OR/MIN/35204/2015
1969,SIA/OR/IND/29913/2017
1970,SIA/OR/MIN/41209/2016
1971,SIA/OR/MIN/407367/2022
1972,SIA/OR/IND2/22047/2018
1973,SIA/OR/IND2/21780/2018
1974,SIA/OR/MIN/403572/2022
1975,SIA/OR/MIN/53082/2016
1976,SIA/OR/MIN/18055/2016
1977,SIA/OR/IND2/28962/2018
1978,SIA/OR/IND2/21881/2018
1979,SIA/OR/MIN/20996/2016
1980,SIA/OR/MIN/48132/2016
1981,SIA/OR/MIN/426799/2023
1988,SIA/OR/IND2/21893/2018
1989,SIA/OR/MIN/63366/2017
1990,SIA/OR/MIN/428620/2023
1992,SIA/OR/IND2/27914/2018
1993,SIA/OR/IND2/22670/2018
1994,SIA/OR/MIN/4698/2015
1995,SIA/OR/IND2/23216/2018
2000,SIA/OR/MIN/403653/2022
2001,SIA/OR/MIN/55744/2016
2002,SIA/OR/IND2/26070/2018
2003,SIA/OR/IND2/22566/2018
2004,SIA/OR/IND2/29026/2018
2005,SIA/OR/IND2/21897/2018
2006,SIA/OR/IND2/23325/2018
2007,SIA/OR/MIN/424072/2023
2008,SIA/OR/MIN/61217/2016
2009,SIA/OR/MIN/41297/2016
2010,SIA/OR/MIN/404437/2022
2011,SIA/OR/MIN/52223/2016
2012,SIA/OR/IND2/26157/2018
2013,SIA/OR/MIN/53084/2016
2014,SIA/OR/MIN/63504/2017
2015,SIA/OR/IND2/22650/2018
2016,SIA/OR/IND2/26161/2018
2017,SIA/OR/MIN/35664/2015
2018,SIA/OR/IND2/72540/2018
2019,SIA/OR/IND1/406696/2022
2020,SIA/OR/IND2/21721/2018
2024,SIA/OR/MIN/35912/2015
2034,SIA/OR/IND2/25639/2018
2035,SIA/OR/MIN/62060/2017
2036,SIA/OR/MIN/75788/2018
2037,SIA/OR/NCP/71809/2017
2038,SIA/OR/IND2/22327/2018
2039,SIA/OR/IND2/28842/2018
2044,SIA/OR/MIN/428878/2023
2045,SIA/OR/MIN/41508/2016
2046,SIA/OR/IND2/416925/2023
2047,SIA/OR/MIN/408955/2022
2048,SIA/OR/IND2/23143/2018
2049,SIA/OR/MIN/64254/2017
2050,SIA/OR/MIN/37842/2016
2051,SIA/OR/IND2/21761/2018
2052,SIA/OR/IND2/21906/2018
2053,SIA/OR/MIS/30293/2017
2054,SIA/OR/MIN/52531/2016
2055,SIA/OR/IND2/22147/2018
2056,SIA/OR/MIN/57476/2016
2057,SIA/OR/INFRA2/411058/2022
2058,SIA/OR/MIN/406076/2022
2059,SIA/OR/MIN/74955/2018
2060,SIA/OR/MIN/74613/2018
2061,SIA/OR/MIN/416322/2023
2062,SIA/OR/IND2/21887/2018
2063,SIA/OR/MIN/38801/2016
2064,SIA/OR/MIN/406562/2022
2065,SIA/OR/THE/415567/2023
2066,SIA/OR/MIN/74933/2018
2067,SIA/OR/MIN/63714/2017
2068,SIA/OR/IND2/22669/2018
2069,SIA/OR/MIN/58683/2016
2070,SIA/OR/MIN/415503/2023
2071,SIA/OR/MIN/66107/2017
2072,SIA/OR/MIN/39029/2016
2073,SIA/OR/IND2/20920/2017
2074,SIA/OR/MIN/59132/2016
2075,SIA/OR/MIN/403338/2022
2076,SIA/OR/MIN/402117/2022
2077,SIA/OR/IND2/21785/2018
2078,SIA/OR/MIN/61828/2017
2079,SIA/OR/MIN/429072/2023
2080,SIA/OR/MIN/38605/2016
2081,SIA/OR/IND2/20891/2017
2082,SIA/OR/IND2/25985/2018
2083,SIA/OR/MIN/403968/2022
2084,SIA/OR/IND2/22681/2018
2085,SIA/OR/MIN/404431/2022
2086,SIA/OR/IND2/22548/2018
2087,SIA/OR/MIN/41776/2016
2088,SIA/OR/IND2/22678/2018
2089,SIA/OR/IND2/23220/2018
2090,SIA/OR/MIN/406639/2022
2091,SIA/OR/MIN/17829/2013
2092,SIA/OR/IND2/21691/2018
2093,SIA/OR/IND2/25812/2018
2100,SIA/OR/IND2/27937/2018
2101,SIA/OR/MIN/428019/2023
2102,SIA/OR/MIN/411370/2022
2103,SIA/OR/MIN/417174/2023
2104,SIA/OR/IND2/21637/2018
2105,SIA/OR/IND2/20818/2017
2106,SIA/OR/MIN/74681/2018
2107,SIA/OR/INFRA2/427980/2023
2108,SIA/OR/MIN/78743/2018
2109,SIA/OR/IND2/23268/2018
2110,SIA/OR/MIN/71609/2017
2111,SIA/OR/NCP/74935/2018
2112,SIA/OR/IND2/23272/2018
2113,SIA/OR/MIN/64316/2017
2114,SIA/OR/MIN/424669/2023
2115,SIA/OR/MIN/39158/2016
2116,SIA/OR/MIN/40136/2016
2117,SIA/OR/IND2/23117/2018
2118,SIA/OR/IND2/22582/2018
2119,SIA/OR/MIN/60445/2016
2120,SIA/OR/MIN/42365/2016
2121,SIA/OR/MIN/429135/2023
2122,SIA/OR/IND2/22644/2018
2123,SIA/OR/MIN/415407/2023
2124,SIA/OR/NCP/59415/2016
2125,SIA/OR/INFRA2/418519/2023
2126,SIA/OR/MIN/80682/2018
2127,SIA/OR/MIN/422646/2023
2128,SIA/OR/IND2/27888/2018
2129,SIA/OR/IND2/25941/2018
2130,SIA/OR/MIN/417081/2023
2131,SIA/OR/MIN/48696/2016
2132,SIA/OR/NCP/23634/2018
2133,SIA/OR/MIN/56866/2016
2134,SIA/OR/MIN/30089/2015
2135,SIA/OR/IND2/29693/2018
2136,SIA/OR/IND2/22348/2018
2137,SIA/OR/MIN/59902/2016
2138,SIA/OR/IND2/22462/2018
2139,SIA/OR/IND2/22583/2018
2140,SIA/OR/MIN/403698/2022
2141,SIA/OR/MIN/63875/2017
2142,SIA/OR/IND2/22469/2018
2143,SIA/OR/IND2/22439/2018
2144,SIA/OR/IND2/29143/2018
2145,SIA/OR/MIN/409627/2022
2146,SIA/OR/MIN/403230/2022
2147,SIA/OR/MIN/429084/2023
2148,SIA/OR/MIN/403717/2022
2149,SIA/OR/MIN/49969/2016
2150,SIA/OR/IND2/21776/2018
2151,SIA/OR/MIN/404494/2022
2152,SIA/OR/MIN/42367/2016
2153,SIA/OR/IND2/28105/2018
2154,SIA/OR/IND2/35242/2019
2155,SIA/OR/IND2/22464/2018
2156,SIA/OR/MIN/403998/2022
2157,SIA/OR/MIN/69343/2017
2158,SIA/OR/MIN/404715/2022
2159,SIA/OR/MIN/405133/2022
2160,SIA/OR/IND2/23178/2018
2161,SIA/OR/IND2/21834/2018
2162,SIA/OR/IND2/21819/2018
2163,SIA/OR/MIN/426916/2023
2164,SIA/OR/MIN/58356/2016
2165,SIA/OR/MIN/50064/2016
2166,SIA/OR/MIN/425450/2023
2167,SIA/OR/IND2/27880/2018
2168,SIA/OR/IND2/22545/2018
2169,SIA/OR/IND2/23282/2018
2170,SIA/OR/MIN/406165/2022
2171,SIA/OR/IND2/21898/2018
2172,SIA/OR/MIN/19857/2017
2173,SIA/OR/IND2/21787/2018
2175,SIA/OR/NCP/27975/2017
2176,SIA/OR/MIN/49873/2016
2177,SIA/OR/MIN/415872/2023
2178,SIA/OR/MIN/42371/2016
2179,SIA/OR/IND2/22153/2018
2180,SIA/OR/MIN/72599/2018
2181,SIA/OR/MIN/69344/2017
2182,SIA/OR/MIN/37937/2016
2183,SIA/OR/MIN/39372/2016
2184,SIA/OR/MIN/50030/2016
2185,SIA/OR/MIN/10977/2016
2186,SIA/OR/IND2/23867/2018
2187,SIA/OR/MIN/404740/2022
2188,SIA/OR/MIN/49922/2016
2189,SIA/OR/MIN/402927/2022
2190,SIA/OR/MIN/50686/2016
2191,SIA/OR/IND2/23821/2018
2192,SIA/OR/MIN/416361/2023
2193,SIA/OR/MIN/423372/2023
2194,SIA/OR/MIN/411482/2022
2195,SIA/OR/MIN/421545/2023
2196,SIA/OR/MIN/406591/2022
2197,SIA/OR/MIN/62738/2017
2198,SIA/OR/MIN/75168/2018
2199,SIA/OR/IND2/23198/2018
2200,SIA/OR/MIN/29911/2015
2201,SIA/OR/MIN/37957/2016
2202,SIA/OR/MIN/406334/2022
2203,SIA/OR/MIN/79684/2018
2204,SIA/OR/MIN/42262/2016
2205,SIA/OR/IND2/21722/2018
2206,SIA/OR/MIN/72624/2018
2207,SIA/OR/MIN/404698/2022
2208,SIA/OR/MIN/52607/2016
2209,SIA/OR/MIN/42354/2016
2210,SIA/OR/MIN/49216/2016
2211,SIA/OR/MIN/49006/2016
2212,SIA/OR/IND2/21873/2018
2213,SIA/OR/MIN/36492/2015
2214,SIA/OR/MIN/48137/2016
2215,SIA/OR/MIN/19644/2017
2216,SIA/OR/IND2/72545/2018
2217,SIA/OR/MIN/409234/2022
2218,SIA/OR/MIN/412730/2022
2219,SIA/OR/MIN/74664/2018
2220,SIA/OR/IND2/72550/2018
2221,SIA/OR/NCP/27973/2017
2222,SIA/OR/MIN/57562/2016
2223,SIA/OR/MIN/405203/2022
2224,SIA/OR/IND2/28069/2018
2225,SIA/OR/NCP/61726/2017
2226,SIA/OR/MIN/405355/2022
2227,SIA/OR/IND2/22139/2018
2228,SIA/OR/IND2/20898/2017
2229,SIA/OR/IND2/21885/2018
2230,SIA/OR/MIN/79326/2018
2235,SIA/OR/MIN/49100/2016
2236,SIA/OR/IND2/22540/2018
2237,SIA/OR/IND2/26028/2018
2238,SIA/OR/MIN/405180/2022
2239,SIA/OR/NCP/10376/2015
2240,SIA/OR/MIN/41192/2016
2241,SIA/OR/MIN/65603/2017
2242,SIA/OR/MIN/64271/2017
2246,SIA/OR/MIN/48697/2016
2247,SIA/OR/IND2/22328/2018
2248,SIA/OR/MIN/424796/2023
2249,SIA/OR/MIN/427396/2023
2250,SIA/OR/MIN/29874/2018
2251,SIA/OR/IND2/72541/2018
2252,SIA/OR/IND2/22630/2018
2253,SIA/OR/IND2/28190/2018
2254,SIA/OR/IND2/22309/2018
2255,SIA/OR/MIN/38733/2016
2256,SIA/OR/IND2/22242/2018
2257,SIA/OR/MIN/36368/2015
2258,SIA/OR/MIN/406129/2022
2259,SIA/OR/MIN/41769/2016
2260,SIA/OR/NCP/78500/2018
2261,SIA/OR/MIN/405220/2022
2262,SIA/OR/MIN/35657/2015
2263,SIA/OR/MIN/417311/2023
2264,SIA/OR/IND2/23162/2018
2265,SIA/OR/MIN/413339/2023
2266,SIA/OR/MIN/41075/2016
2267,SIA/OR/MIN/76098/2018
2269,SIA/OR/MIN/405099/2022
2270,SIA/OR/MIN/50817/2016
2271,SIA/OR/IND2/23300/2018
2272,SIA/OR/MIN/50195/2016
2273,SIA/OR/IND2/29041/2018
2274,SIA/OR/MIN/39134/2016
2275,SIA/OR/IND2/28063/2018
2276,SIA/OR/MIN/404291/2022
2277,SIA/OR/NCP/27984/2018
2278,SIA/OR/MIN/403104/2022
2279,SIA/OR/MIN/48896/2016
2280,SIA/OR/MIN/403038/2022
2281,SIA/OR/NCP/18479/2016
2282,SIA/OR/IND2/28833/2018
2283,SIA/OR/MIN/50151/2016
2284,SIA/OR/MIN/37828/2016
2285,SIA/OR/MIN/63641/2017
2286,SIA/OR/MIN/60251/2016
2287,SIA/OR/MIN/81325/2018
2288,SIA/OR/MIN/417243/2023
2289,SIA/OR/IND2/22542/2018
2293,SIA/OR/MIN/42973/2016
2294,SIA/OR/MIN/408062/2022
2295,SIA/OR/MIN/402544/2022
2296,SIA/OR/MIN/41484/2016
2297,SIA/OR/MIN/57578/2016
2298,SIA/OR/IND2/22672/2018
2299,SIA/OR/IND2/22626/2018
2300,SIA/OR/MIN/41771/2016
2382,SIA/OR/MIN/64886/2017
2388,SIA/OR/MIN/42352/2016
2389,SIA/OR/MIN/409600/2022
2390,SIA/OR/NCP/72000/2018
2391,SIA/OR/MIN/403335/2022
2393,SIA/OR/MIN/42960/2016
2394,SIA/OR/IND2/22475/2018
2395,SIA/OR/MIN/69345/2017
2396,SIA/OR/MIN/50815/2016
2397,SIA/OR/MIN/21811/2018
2398,SIA/OR/MIN/42353/2016
2399,SIA/OR/MIN/59830/2016
2400,SIA/OR/MIN/75739/2018
2401,SIA/OR/MIN/402644/2022
2402,SIA/OR/IND2/21652/2018
2403,SIA/OR/IND2/26068/2018
2404,SIA/OR/IND2/21786/2018
2405,SIA/OR/MIN/428282/2023
2406,SIA/OR/MIN/407443/2022
2407,SIA/OR/IND2/22322/2018
2408,SIA/OR/MIN/406469/2022
2409,SIA/OR/MIN/425424/2023
2410,SIA/OR/MIN/60362/2016
2411,SIA/OR/MIN/50631/2016
2413,SIA/OR/MIN/49217/2016
2414,SIA/OR/IND2/22716/2018
2415,SIA/OR/MIN/67139/2017
2417,SIA/OR/NCP/64476/2017
2418,SIA/OR/MIN/403864/2022
2419,SIA/OR/MIN/57282/2016
2420,SIA/OR/MIN/418758/2023
2421,SIA/OR/IND2/23351/2018
2422,SIA/OR/IND2/21896/2018
2423,SIA/OR/MIN/405939/2022
2424,SIA/OR/MIN/80069/2018
2425,SIA/OR/MIN/50424/2016
2426,SIA/OR/IND2/26187/2018
2427,SIA/OR/INFRA2/408179/2022
2428,SIA/OR/MIN/417359/2023
2432,SIA/OR/IND2/28181/2018
2434,SIA/OR/MIN/63731/2017
2435,SIA/OR/IND2/25925/2018
2436,SIA/OR/MIN/35902/2015
2438,SIA/OR/MIN/50529/2016
2439,SIA/OR/MIN/423756/2023
2440,SIA/OR/MIN/41494/2016
2441,SIA/OR/IND2/20757/2016
2442,SIA/OR/MIN/404520/2022
2443,SIA/OR/MIN/423067/2023
2444,SIA/OR/IND2/21836/2018
2445,SIA/OR/MIN/38992/2016
2446,SIA/OR/MIN/49782/2016
2447,SIA/OR/IND2/26160/2018
2448,SIA/OR/IND2/22485/2018
2449,SIA/OR/MIN/81331/2018
2450,SIA/OR/MIN/62282/2017
2451,SIA/OR/MIN/58054/2016
2452,SIA/OR/MIN/42366/2016
2453,SIA/OR/MIN/42234/2016
2454,SIA/OR/IND2/28128/2018
2455,SIA/OR/MIN/422523/2023
2456,SIA/OR/MIN/50810/2016
2457,SIA/OR/MIN/50673/2016
2458,SIA/OR/MIN/76101/2018
2459,SIA/OR/MIN/414174/2023
2460,SIA/OR/INFRA2/412673/2023
2461,SIA/OR/MIN/37831/2016
2462,SIA/OR/IND2/23238/2018
2463,SIA/OR/MIN/74882/2018
2464,SIA/OR/IND2/24081/2018
2465,SIA/OR/MIN/71163/2017
2466,SIA/OR/MIN/403909/2022
2467,SIA/OR/MIN/421419/2023
2468,SIA/OR/INFRA2/423008/2023
2469,SIA/OR/MIN/73059/2018
2470,SIA/OR/MIS/30287/2017
2471,SIA/OR/IND2/23267/2018
2472,SIA/OR/MIN/65245/2017
2473,SIA/OR/MIN/407065/2022
2474,SIA/OR/RIV/3931/2010
2475,SIA/OR/MIN/40954/2016
2476,SIA/OR/IND2/17094/2015
2477,SIA/OR/MIN/400364/2022
2478,SIA/OR/IND2/16863/2015
2479,SIA/OR/MIN/18774/2016
2480,SIA/OR/IND2/23160/2018
2481,SIA/OR/MIN/50692/2016
2482,SIA/OR/MIN/413892/2023
2483,SIA/OR/IND2/29072/2018
2484,SIA/OR/IND2/23232/2018
2485,SIA/OR/MIN/403835/2022
2486,SIA/OR/MIN/53072/2016
2487,SIA/OR/MIN/50813/2016
2488,SIA/OR/MIN/402524/2022
2489,SIA/OR/IND2/26158/2018
2490,SIA/OR/IND2/21777/2018
2491,SIA/OR/IND2/22465/2018
2492,SIA/OR/IND2/21931/2018
2493,SIA/OR/IND2/72552/2018
2494,SIA/OR/MIN/404551/2022
2495,SIA/OR/MIN/64060/2017
2496,SIA/OR/MIN/35474/2015
2497,SIA/OR/MIN/423787/2023
2498,SIA/OR/MIN/58890/2016
2499,SIA/OR/MIN/423514/2023
2500,SIA/OR/MIN/71732/2017
2501,SIA/OR/IND2/21903/2018
2502,SIA/OR/MIN/64097/2017
2503,SIA/OR/MIN/37818/2016
2504,SIA/OR/IND1/404248/2022
2505,SIA/OR/MIN/405154/2022
2506,SIA/OR/MIN/42350/2016
2507,SIA/OR/IND2/25911/2018
2508,SIA/OR/MIN/419148/2023
2509,SIA/OR/MIN/19643/2017
2510,SIA/OR/MIN/38072/2016
2511,SIA/OR/IND2/21895/2018
2515,SIA/OR/MIN/59211/2016
2516,SIA/OR/MIN/415691/2023
2517,SIA/OR/MIN/41350/2016
2518,SIA/OR/MIN/37953/2016
2520,SIA/OR/MIN/36491/2015
2521,SIA/OR/IND2/21907/2018
2522,SIA/OR/MIN/38928/2016
2557,SIA/OR/MIN/416474/2023
2560,SIA/OR/MIN/406749/2022
2561,SIA/OR/IND2/21883/2018
2562,SIA/OR/MIN/50535/2016
2563,SIA/OR/IND2/422287/2023
2564,SIA/OR/MIN/41077/2016
2565,SIA/OR/MIN/60442/2016
2566,SIA/OR/IND2/21694/2018
2567,SIA/OR/MIN/410489/2022
2569,SIA/OR/MIN/404088/2022
2570,SIA/OR/MIN/41486/2016
2571,SIA/OR/IND2/21792/2018
2572,SIA/OR/MIN/64912/2017
2573,SIA/OR/MIN/406002/2022
2574,SIA/OR/IND2/23225/2018
2575,SIA/OR/MIN/61814/2017
2576,SIA/OR/MIN/405566/2022
2577,SIA/OR/MIN/404711/2022
2578,SIA/OR/IND2/28267/2018
2579,SIA/OR/MIN/39195/2016
2580,SIA/OR/MIN/41328/2016
2581,SIA/OR/IND2/23270/2018
2582,SIA/OR/MIN/423234/2023
2583,SIA/OR/INFRA2/410358/2022
2584,SIA/OR/MIN/424302/2023
2585,SIA/OR/IND2/21884/2018
